id,name,original_stage,final_stage,pitch_status,demo_status,effective_demo_url,send_truth,response_status,recorded_send,findings,next_steps
cc-headlight,CC Headlight Restoration,build-launch,build-launch,,,,,,,DATA obsolete playbook stage references: live,GBP verification (owner's step - emailed instructions) | GSC verification | Social media links for schema | Owner to confirm booking availability in Cal.com
omega-auto,Omega Auto Sales,prospect,prospect,,,,,,2026-08-05,"REVIEW retained prospect per user; nextSteps still describe client delivery and lastContact is populated; DATA obsolete playbook stage references: audited, live, website-built",Get actual inventory photos from client | Confirm exact business address | Confirm preferred business name | Register domain name | Set up GBP once address confirmed
mom-and-mop,Mom & A Mop,build-launch,build-launch,,,,,,2026-07-15,DATA obsolete playbook stage references: live,Set up GBP if not done | Add JSON-LD LocalBusiness schema | Build review generation system
redwood,Redwood Landscaping,build-launch,build-launch,,,,,,2026-08-07,DATA obsolete playbook stage references: live,GBP setup + optimization | Add JSON-LD schema | Do not touch unless explicitly asked (Zach directive)
bm-pressure,B&M Pressure Washing,outreach,outreach,sent,,,sent_unverified,awaiting,2026-08-07,REVIEW follow-up eligibility: recorded send is old and awaiting; confirm delivery/no response and 3/10/21 schedule; do not resend automatically; UNVERIFIED delivery: sendTruth=sent_unverified; DATA obsolete playbook stage references: audited,✅ Pitch sent Aug 9 via locallaunchupstate@gmail.com | ⏳ Day 4 follow-up: Aug 13 | ⏳ Day 8 follow-up: Aug 17 | ⏳ Day 14: move to dormant or try different channel
yardsmith,YardSmith Landscaping,approval,approval,sent,pending,https://yardsmith-demo.vercel.app,sent_unverified,awaiting,2026-08-11,UNVERIFIED delivery: sendTruth=sent_unverified; REVIEW demo-only approval blocker; does not establish pitch approval/send eligibility; DATA obsolete playbook stage references: audited,"Email likely valid (SMTP probe IP-blocked by provider, NOT a bounce) — re-verify before next send."
jacksons-junk,Jackson's Junk and Stuff,approval,approval,sent,pending,https://jacksons-junk-demo.vercel.app,sent_unverified,awaiting,2026-08-14,UNVERIFIED delivery: sendTruth=sent_unverified; REVIEW demo-only approval blocker; does not establish pitch approval/send eligibility; DATA obsolete playbook stage references: audited,"Follow-up Day 4 (2026-08-18), Day 8 (2026-08-22), Day 14 call"
lumberjack-tree,Lumberjack Tree Service,outreach,outreach,sent,,,sent_unverified,awaiting,2026-08-24,REVIEW follow-up eligibility: recorded send is old and awaiting; confirm delivery/no response and 3/10/21 schedule; do not resend automatically; DATA sent status without stored body: preserve history; not proof of no send; UNVERIFIED delivery: sendTruth=sent_unverified; DATA obsolete playbook stage references: audited,"Follow-up Day 4 (2026-08-25), Day 8 (2026-08-29), Day 14 (2026-09-04)"
kimbrells-plumbing,Kimbrell's Plumbing,outreach,outreach,sent,,,sent_unverified,awaiting,2026-08-13,REVIEW follow-up eligibility: recorded send is old and awaiting; confirm delivery/no response and 3/10/21 schedule; do not resend automatically; UNVERIFIED delivery: sendTruth=sent_unverified; DATA obsolete playbook stage references: audited,"✅ $90 audit pitch SENT 8/12 → ldanielk18@gmail.com. NOTE: site is good (kimbrellplumbing.com) — pitch led with 'doesn't rank' premise, flag if owner pushes back. Offer still $90 + money-back. | ⏳ Day 4 follow-up: Aug 16 | ⏳ Day 8: Aug 20 | ⏳ Day 14: call (864) 346-7220"
mm-plumbing,M&M Plumbing Services,approval,approval,sent,pending,https://mm-plumbing-demo.vercel.app,sent_unverified,awaiting,2026-08-24,UNVERIFIED delivery: sendTruth=sent_unverified; REVIEW demo-only approval blocker; does not establish pitch approval/send eligibility; DATA obsolete playbook stage references: audited,✅ $300 build pitch SENT 8/12 via locallaunch → mmplumbingservicesllc@hotmail.com (demo: mm-plumbing-demo.vercel.app) | ⏳ Day 4 follow-up: Aug 16 | ⏳ Day 8 follow-up: Aug 20 | ⏳ Day 14: call (864) 386-4005 if no reply
upstate-window,Upstate Window Cleaning LLC,outreach,outreach,sent,approved,https://upstate-window-demo.vercel.app,sent_unverified,awaiting,2026-08-24,"REVIEW follow-up eligibility: recorded send is old and awaiting; confirm delivery/no response and 3/10/21 schedule; do not resend automatically; UNVERIFIED delivery: sendTruth=sent_unverified; DATA obsolete playbook stage references: audited, prospected",✅ Demo Zach-approved 2026-09-03 + curl-verified live (upstate-window-demo.vercel.app) | ⏳ Prior pitch (OLD $300 offer) SENT 8/12+8/24 → uscwindowcleaning@gmail.com; no reply; not bounced | → NEXT only if pursued: NEW $599 offer follow-up w/ live demo link — requires draft + Zach/default-agent approval before send
my-titan,My Titan Services LLC,approval,approval,supervisor-approved,,,,bounce-risk,,"DATA obsolete playbook stage references: audited, prospected","HAS SITE (mytitanusa.com + mytitan.com both live (HTTP 200)) — SKIP demo, pitch rebuild/SEO angle instead."
lonts-disposal,Lonts 24/7 Disposal,approval,approval,unproven-send,pending,https://lonts-disposal.vercel.app,unproven,,2026-08-14,"TYPE pitchDraft.status absent from Company union in data.ts (runtime legacy value); REVIEW demo-only approval blocker; does not establish pitch approval/send eligibility; DATA obsolete playbook stage references: audited, prospected","SEND-TRUTH 2026-09-01: unproven send — cleared contacted/sent (not matched in Sent). | Follow-up Day 4 (2026-08-18), Day 8 (2026-08-22), Day 14 call"
fix-home,FIX Home Projects LLC,outreach,outreach,sent,,,sent_unverified,awaiting,2026-08-24,"REVIEW follow-up eligibility: recorded send is old and awaiting; confirm delivery/no response and 3/10/21 schedule; do not resend automatically; UNVERIFIED delivery: sendTruth=sent_unverified; DATA obsolete playbook stage references: audited, prospected",✅ Pitch sent Aug 10 via locallaunchupstate@gmail.com
greenville-cleaning,Greenville Cleaning Company,approval,approval,sent,pending,https://greenville-cleaning-demo.vercel.app,sent_unverified,awaiting,2026-08-21,DATA sent status without stored body: preserve history; not proof of no send; UNVERIFIED delivery: sendTruth=sent_unverified; REVIEW demo-only approval blocker; does not establish pitch approval/send eligibility; DATA obsolete playbook stage references: audited,"Follow-up Day 4 (2026-08-25), Day 8 (2026-08-29), Day 14 (2026-09-04)"
yaca-auto,YACA Auto Mechanics,approval,approval,supervisor-approved,,,,,,DATA obsolete playbook stage references: audited,✅ Pitch approved — ready for Zach review/send | 📞 Phone-only — Zach to call
machado-handyman,Machado Handyman and HVAC Solutions,quality-check,quality-check,pending-review,pending,,,,,"DATA pending demo without canonical URL; placeholder is not proof of a built demo; DATA obsolete playbook stage references: audited; REVIEW pitch draft body missing: restore external draft before review, or return to Pitch if no draft exists",✅ Pitch approved — ready for Zach review/send | 📞 Phone-only — Zach to call
randys-home,Randy's Home Services,audit,audit,,,,,,,REVIEW audit-to-pitch handoff: prose indicates draft work; confirm unresolved audit/identity holds first,"✅ Second-pass verified (2026-09-06) via gosom Maps: GBP 10 reviews / 5.0★; website https://www.randyshomeservices.com/ LIVE (HTTPS 200, Wix). | HAS SITE — SKIP no-site demo premise. Pitch rebuild/SEO (Tier B/C) only. | ⚠️ Camoufox unavailable (not installed)."
greenville-pro-painters,Greenville Pro Painters,audit,audit,,pending,https://greenville-pro-painters-demo.vercel.app,,,,REVIEW audit-to-pitch handoff: prose indicates draft work; confirm unresolved audit/identity holds first,"✅ Second-pass verified (2026-08-20) — no own website (greenpropainting.com = phone collision), GBP found | ✅ Auditor R6 approved — Tier A pitch | Closer: draft site-build pitch"
unique-concrete,Unique Concrete,audit,audit,,,,,,,REVIEW audit-to-pitch handoff: prose indicates draft work; confirm unresolved audit/identity holds first,"✅ Second-pass verified (2026-08-20) — site live confirmed; GBP not confirmed this pass | ✅ Auditor R6 approved — Tier C/D pitch (SEO + domain upgrade) | Closer: draft SEO/GEO angle (NOT site-build) | ⚠️ Existing pitchDraft REVOKED — was based on wrong ""no website"" data | ❌ 2026-08-23: LIVE (WordPress) — NOT a no-site lead, remove from demo build queue. | ✅ email hello@uniqueconcrete.design [candidate] src=facebook"
moriaan-construction,Moriaan Construction Company LLC,audit,audit,,pending,,,,,REVIEW audit-to-pitch handoff: prose indicates draft work; confirm unresolved audit/identity holds first; DATA pending demo without canonical URL; placeholder is not proof of a built demo,"✅ Second-pass verified (2026-08-20) — no website, GBP not found | ✅ Auditor R6 approved — Tier A pitch | Closer: draft site-build pitch"
one-call-plumbing,One Call Plumbing — Greenville,audit,audit,,,,,,,REVIEW audit-to-pitch handoff: prose indicates draft work; confirm unresolved audit/identity holds first,"✅ Second-pass verified (2026-08-20) — site live confirmed, GBP 84 reviews | ✅ Auditor R6 approved — Tier C pitch (SEO only) | Closer: draft SEO/GEO angle (NOT site-build) | ⚠️ Existing pitchDraft REVOKED — was based on wrong ""no website"" data | ❌ 2026-08-23: LIVE (WordPress, Cloudflare-walled) — NOT a no-site lead, remove from demo build queue. | ✅ email onecallsc@gmail.com [candidate (Cloudflare)] src=onecallplumbingsc.com/contact"
pro-kutz-lawn,Pro Kutz Lawn Care & Landscaping,outreach,outreach,sent,,,sent_unverified,awaiting,2026-08-13,REVIEW follow-up eligibility: recorded send is old and awaiting; confirm delivery/no response and 3/10/21 schedule; do not resend automatically; UNVERIFIED delivery: sendTruth=sent_unverified,"✅ $90 audit pitch SENT 8/12 → prokutzlawncare@gmail.com (angle: site looks good, findability broken). Money-back guarantee. | ⏳ Day 4 follow-up: Aug 16 | ⏳ Day 8: Aug 20 | ⏳ Day 14: call (864) 501-4137"
smith-irrigation,Smith Irrigation,outreach,outreach,sent,approved,https://smith-irrigation-demo.vercel.app,sent_unverified,awaiting,2026-08-13,REVIEW follow-up eligibility: recorded send is old and awaiting; confirm delivery/no response and 3/10/21 schedule; do not resend automatically; UNVERIFIED delivery: sendTruth=sent_unverified,✅ $90 audit pitch SENT 8/12 via locallaunch → mistysmith724@gmail.com | ⏳ Day 4 follow-up: Aug 16 (different angle) | ⏳ Day 8 follow-up: Aug 20 | ⏳ Day 14: move to dormant or try call (864) 346-9714
country-life-tires,Country Life Tires & Service,audit,audit,,approved,https://country-life-tires-demo.vercel.app,,,,REVIEW audit-to-pitch handoff: prose indicates draft work; confirm unresolved audit/identity holds first,"✅ Second-pass verified (2026-09-06) via gosom Maps: GBP live at 124 Ashmore Bridge Rd Mauldin SC · (864) 991-8707 · **133 reviews / 4.4★** (NOT 477 SureCritic). | 🌐 Domain countrylifetires.com listed on GBP but HTTP serves Chinese spam park; HTTPS refused — treat as NO usable website (hijack/abandon). | G-Score 55→44 (review correction 477→133 live Google). | ⚠️ Camoufox unavailable (not installed). | Still PHONE-ONLY after prior bounce. Demo Zach-approved 2026-09-03 stands — strip any '477 reviews' copy before send. | ✅ Demo VERIFIED LIVE 2026-09-01 (curl 200) — all gates passed (redundancy venv PASS, deployed imgs PASS, mobile PASS, facts verified vs research, quotes verbatim vs Birdeye) | ✅ Anti-slop audit PASS — aHash flags confirmed false positives by vision | ✅ DEMO APPROVED by Zach 2026-09-03 via dashboard — cleared; ready for pitch/send when email+pitch exist | 💰 When pitching: $599 one-time BUILD offer (no-site Tier A), NOT $149/mo care, NOT old $300"
jtp-lawncare,JTP Lawncare and Junk Removal,approval,approval,sent,pending,https://jtp-lawncare-demo.vercel.app,sent_unverified,awaiting,2026-08-13,UNVERIFIED delivery: sendTruth=sent_unverified; REVIEW demo-only approval blocker; does not establish pitch approval/send eligibility,"✅ $90 audit pitch SENT 8/13 → jtplawncare.junkremoval@gmail.com (angle: site exists but not ranking; 4.9★/159 reviews, veteran-owned) | ⏳ Day 4 follow-up: Aug 17 | ⏳ Day 8: Aug 21 | ⏳ Day 14: call (864) 219-0831 if no reply"
lands-tree-care,Lands Tree Care,quality-check,quality-check,pending-review,,https://lands-tree-care-demo-iota.vercel.app,,,,DATA demo approval status absent; treated as pending by queue semantics,✅ Auditor R6 approved — Tier A pitch | Closer: draft site-build pitch
kens-plumbing,Ken's Plumbing,audit,audit,,,,,,,REVIEW audit-to-pitch handoff: prose indicates draft work; confirm unresolved audit/identity holds first,"✅ Second-pass verified (2026-08-20) — site live confirmed; GBP not confirmed this pass | ✅ Auditor R6 approved — Tier C pitch (SEO only) | Closer: draft SEO/GEO + .com SSL fix angle | ⚠️ Existing pitchDraft REVOKED — was based on wrong ""no website"" data | ❌ 2026-08-23: LIVE (WordPress, Cloudflare-walled) — NOT a no-site lead, remove from demo build queue. | ✅ email service@kensplumbing.net [candidate (JS)] src=bradfordwhite finder"
jr-concrete,JR Concrete,approval,approval,supervisor-approved,,,,,,No status/stage contradiction detected,✅ Supervisor approved — ready for Zach's call list | 📞 Phone-only — Zach to call
prime-concrete,Prime Concrete Solutions,approval,approval,supervisor-approved,,,,,,No status/stage contradiction detected,"✅ Supervisor approved — no-hosting-fee angle added | 📞 Phone-only — Zach to call | ❌ 2026-08-23: LIVE — NOT a no-site lead, remove from demo build queue."
sandy-springs-detailing,Sandy Spring's Detailing LLC,approval,approval,sent,pending,https://sandy-springs-detailing-demo.vercel.app,sent_unverified,awaiting,2026-08-14,UNVERIFIED delivery: sendTruth=sent_unverified; REVIEW demo-only approval blocker; does not establish pitch approval/send eligibility,"Follow-up Day 4 (2026-08-18), Day 8 (2026-08-22), Day 14 call"
locomotion-auto-detail,Locomotion Auto Detail,outreach,outreach,sent,,,sent_unverified,awaiting,2026-08-23,REVIEW follow-up eligibility: recorded send is old and awaiting; confirm delivery/no response and 3/10/21 schedule; do not resend automatically; UNVERIFIED delivery: sendTruth=sent_unverified,✅ Supervisor approved — ready for Zach's call list | 📞 Phone-only — Zach to call
perpetual-painters,Perpetual Painters LLC,approval,approval,supervisor-approved,,,,,,No status/stage contradiction detected,✅ Supervisor approved — ready for Zach's call list | 📞 Phone-only — Zach to call
blacks-paint,Black's Paint Contracting,approval,approval,supervisor-approved,,,,,,No status/stage contradiction detected,✅ Supervisor approved — ready for Zach's call list | 📞 Phone-only — Zach to call
top-choice-fence,Top Choice Fence & Decks,approval,approval,supervisor-approved,,,,,,No status/stage contradiction detected,"✅ Supervisor approved — no-hosting-fee angle added | 📞 Phone-only — Zach to call | ❌ 2026-08-23: LIVE (Square) — NOT a no-site lead, remove from demo build queue. | ✅ email jonsaylors@yahoo.com [curl-verified] src=topchoicefenceanddecks.com/contact"
acorn-fencing,Acorn Fencing & Repair,quality-check,quality-check,pending-review,,,,,,No status/stage contradiction detected,✅ Supervisor approved — ready for Zach's call list | 📞 Phone-only — Zach to call
adv-garage-door,ADV Garage Door LLC,approval,approval,supervisor-approved,,https://adv-garage-door-demo.vercel.app,,,,DATA demo approval status absent; treated as pending by queue semantics,✅ Supervisor approved — ready for Zach's call list | 📞 Phone-only — Zach to call
johnsons-paint,Johnson's Paint Contracting,approval,approval,supervisor-approved,,,,,,No status/stage contradiction detected,✅ Supervisor approved — ready for Zach's call list | 📞 Phone-only — Zach to call
lightning-pest,Lightning Pest & Termite Control,prospect,follow-up,bounced,,,bounced,bounced,2026-09-01T15:09:59.817950Z,FIXED prospect -> follow-up; TYPE pitchDraft.status absent from Company union in data.ts (runtime legacy value),"✅ Second-pass verified (2026-09-05): no owned website. lightningpest.com = HugeDomains for-sale; lightningpestcontrol.com = parked resources page; MapQuest lists lightning-pest-termite-control.business.site (Google free site, not owned build). GBP/directory: Elgin TX 116 Lower Elgin Rd, (512) 281-9686; Birdeye cites Google 7 reviews / 5.0 (prior pipeline had 4 — not force-upgraded without gosom panel). | ⚠️ Camoufox unavailable; gosom DOWN — directory + domain evidence only. | ⛔ EMAIL BOUNCED 2026-09-02 — PHONE-ONLY. Out-of-state TX. Zach call only. | Optional: email enrichment."
eco-wash-systems,Eco Wash Systems,approval,approval,supervisor-approved,,,,,,No status/stage contradiction detected,"✅ Supervisor approved — ready for Zach's call list | 📞 Phone-only — Zach to call | ⚠️ 2026-08-23: has LIVE site ecowashsystems.com (power-wash supply/repair) — NOT a no-site build lead. Reclassify or drop. | ❌ 2026-08-23: LIVE (power-wash supply/repair) — NOT a no-site lead, remove from demo build queue."
titan-wash,Titan Wash,outreach,outreach,sent,,,sent_unverified,awaiting,2026-09-01,REVIEW follow-up eligibility: recorded send is old and awaiting; confirm delivery/no response and 3/10/21 schedule; do not resend automatically; DATA sent status without stored body: preserve history; not proof of no send; UNVERIFIED delivery: sendTruth=sent_unverified,✅ Supervisor approved — ready for Zach's call list | 📞 Phone-only — Zach to call
mr-painter-ga,Mr. Painter Company LLC,outreach,outreach,sent,,,sent_unverified,awaiting,2026-08-14,REVIEW follow-up eligibility: recorded send is old and awaiting; confirm delivery/no response and 3/10/21 schedule; do not resend automatically; UNVERIFIED delivery: sendTruth=sent_unverified,"Follow-up Day 4 (2026-08-18), Day 8 (2026-08-22), Day 14 call"
jpg-painting-ga,JPG Painting,approval,approval,supervisor-approved,,,,,,No status/stage contradiction detected,✅ Supervisor approved — ready for Zach's call list | 📞 Phone-only — Zach to call
el-valle-junk,El Valle Junk Removal,approval,approval,supervisor-approved,,,,,,No status/stage contradiction detected,✅ Supervisor approved — ready for Zach's call list | 📞 Phone-only — Zach to call
mm-tree-services,MM Tree Services,approval,approval,supervisor-approved,,,,,,No status/stage contradiction detected,✅ Supervisor approved — ready for Zach's call list | 📞 Phone-only — Zach to call
raleigh-handyman,The Raleigh Handyman,approval,approval,sent,pending,https://raleigh-handyman-demo.vercel.app,sent_unverified,awaiting,2026-08-14,UNVERIFIED delivery: sendTruth=sent_unverified; REVIEW demo-only approval blocker; does not establish pitch approval/send eligibility,"Follow-up Day 4 (2026-08-18), Day 8 (2026-08-22), Day 14 call"
stallion-concrete,The Stallion Concrete LLC,outreach,outreach,sent,,,sent_unverified,awaiting,2026-08-14,REVIEW follow-up eligibility: recorded send is old and awaiting; confirm delivery/no response and 3/10/21 schedule; do not resend automatically; UNVERIFIED delivery: sendTruth=sent_unverified,"Follow-up Day 4 (2026-08-18), Day 8 (2026-08-22), Day 14 call"
baucom-auto-detailing,Baucom Auto Detailing,approval,approval,supervisor-approved,,,,,,No status/stage contradiction detected,✅ Supervisor approved — ready for Zach's call list | 📞 Phone-only — Zach to call
bullseye-hvac,Bullseye HVAC,audit,audit,,,,,,,REVIEW audit-to-pitch handoff: prose indicates draft work; confirm unresolved audit/identity holds first,"✅ Second-pass verified (2026-08-21) — GBP confirmed 67 reviews, no own website (Birdeye reviews page only) | Route to Closer: Pitch A (site-build) — 67 reviews + no site = solid lead | In-market HVAC (Belton SC)"
henrys-ac,Henrys AC,approval,approval,supervisor-approved,,,,,,No status/stage contradiction detected,✅ Supervisor approved — ready for Zach review/send
palmetto-exterminating-co,Palmetto Exterminating Co,approval,approval,supervisor-approved,,,,,,No status/stage contradiction detected,✅ Supervisor approved — ready for Zach review/send
norvells-tree-and-landscape-services-llc,Norvell's Tree & Landscape Services LLC,outreach,outreach,sent,,,sent_unverified,awaiting,2026-09-01,REVIEW follow-up eligibility: recorded send is old and awaiting; confirm delivery/no response and 3/10/21 schedule; do not resend automatically; DATA sent status without stored body: preserve history; not proof of no send; UNVERIFIED delivery: sendTruth=sent_unverified,✅ Supervisor approved — ready for Zach review/send
two-brothers-landscaping,Two Brothers Landscaping,outreach,outreach,sent,,,sent_unverified,awaiting,2026-09-01,REVIEW follow-up eligibility: recorded send is old and awaiting; confirm delivery/no response and 3/10/21 schedule; do not resend automatically; DATA sent status without stored body: preserve history; not proof of no send; UNVERIFIED delivery: sendTruth=sent_unverified,✅ Supervisor approved — ready for Zach review/send
osullivan-family-tree-services,O'Sullivan Family Tree Services,approval,approval,supervisor-approved,,,,,,No status/stage contradiction detected,✅ Supervisor approved — ready for Zach review/send
anderson-heating-and-air-conditioning,Anderson Heating & Air Conditioning,approval,approval,supervisor-approved,,,,,,No status/stage contradiction detected,✅ Supervisor approved — ready for Zach review/send
joe-hopkins-concrete,Joe Hopkins Concrete,audit,audit,,,,,,,No status/stage contradiction detected,"✅ Second-pass verified (2026-08-20) — no website; GBP 1 review (prior pass) | @Supervisor — audit complete, needs review. Lower priority — only 1 verified review."
3d-heating-and-air-llc,"3D Heating & Air, LLC",audit,audit,,,,,,,No status/stage contradiction detected,"✅ Second-pass verified (2026-08-20) — GBP 12 reviews, no hidden website | @Supervisor — audit complete, needs review. Growth-mode candidate."
bug-killers-termite-and-pest-control,Bug Killers Termite & Pest Control,approval,approval,supervisor-approved,,,,,,No status/stage contradiction detected,✅ Supervisor approved — ready for Zach review/send
green-suds-pressure-washing,Green Suds Pressure Washing,audit,audit,,pending,https://pw-green-suds-pressure-washing-demo.vercel.app,,,,No status/stage contradiction detected,"✅ Second-pass verified (2026-08-20) — GBP 5 reviews, no hidden website | @Supervisor — audit complete, needs review. Review count discrepancy — verify before pitching."
wipeout-junk-removal-miami,WipeOUT Junk Removal Miami,outreach,outreach,sent,pending,,sent_unverified,awaiting,2026-08-14,REVIEW follow-up eligibility: recorded send is old and awaiting; confirm delivery/no response and 3/10/21 schedule; do not resend automatically; UNVERIFIED delivery: sendTruth=sent_unverified; DATA pending demo without canonical URL; placeholder is not proof of a built demo,"Follow-up Day 4 (2026-08-18), Day 8 (2026-08-22), Day 14 call"
kings-power-washing-of-charlotte,Kings Power Washing of Charlotte,approval,approval,supervisor-approved,,https://kings-power-washing-charlotte-demo.vercel.app,,,,DATA demo approval status absent; treated as pending by queue semantics,✅ Supervisor approved — ready for Zach review/send
junk-busters,Junk Busters,audit,audit,,,,,,,REVIEW audit-to-pitch handoff: prose indicates draft work; confirm unresolved audit/identity holds first,"✅ Second-pass verified (2026-08-21) — GBP found 18 reviews, no own website | ⚠️ Generic name (""Junk Busters"") — verify identity before pitching; junktrashremoval.com = generic domain, not confirmed theirs | Route to Closer: Pitch A (site-build) if pursuing out-of-state (Miami Beach FL)"
24/7-emergency-plumber-nashville,24/7 Emergency Plumber Nashville,approval,approval,supervisor-approved,,,,,,No status/stage contradiction detected,✅ Supervisor approved — ready for Zach review/send
charlotte-pressure-washing,Charlotte Pressure Washing,approval,approval,sent,pending,https://charlotte-pressure-washing-demo.vercel.app,sent_unverified,awaiting,2026-08-31,UNVERIFIED delivery: sendTruth=sent_unverified; REVIEW demo-only approval blocker; does not establish pitch approval/send eligibility,"HAS SITE (charlottepressurewashing.com live) — SKIP demo, pitch rebuild/SEO angle."
good-work-pressure-washing,Good Work Pressure Washing,audit,audit,,,,,,,No status/stage contradiction detected,"✅ Second-pass verified (2026-08-20) — GBP 5 reviews, no hidden website | @Supervisor — audit complete, needs review. Newer business, low priority."
turner-service-repair-llc,Turner Service Repair LLC,audit,audit,,,,,,,No status/stage contradiction detected,"✅ Second-pass verified (2026-08-20) — GBP 4 reviews, no hidden website | @Supervisor — audit complete, needs review. Small operation, low review count."
junk-master-services,Junk Master Services,audit,audit,,,,,,,No status/stage contradiction detected,"✅ Second-pass verified (2026-08-20) — no website; GBP 3 reviews (prior pass) | @Supervisor — audit complete, needs review. Low review count, newer business."
dds-handyman-service,DDS Handyman Service,approval,approval,supervisor-approved,,,,,,No status/stage contradiction detected,✅ Supervisor approved — ready for Zach review/send
sparrow-fencing,Sparrow Fencing LLC,audit,audit,,,https://sparrow-fencing-demo.vercel.app,,,,REVIEW audit-to-pitch handoff: prose indicates draft work; confirm unresolved audit/identity holds first; DATA demo approval status absent; treated as pending by queue semantics; DATA obsolete playbook stage references: audited,✅ Second-pass verified (2026-09-07) via gosom+OpenSERP+curl: NO GBP phone-match; 349 reviews = Superior Fence collision (do not pitch 349). | Site: Wix thin LIVE + sparrowfencing.com Coming Soon. Email captured: Sparrowfencingllc@gmail.com | G-Score 50→28 (Authority/Engine corrected). Tier A/B rebuild — domain owned never built. | ⚠️ Camoufox unavailable (not installed). gosom UP. | Closer: rewrite any draft that cites 349 Google reviews before send. | 🔄 2026-09-09 Camoufox re-check: still no phone-lock GBP (gosom phone 0); SERP '24 reviews' untrusted — keep Sep-07 facts (Wix thin + Coming Soon domain; email Sparrowfencingllc@gmail.com).
cpm-home-services,CPM Home Services LLC,audit,audit,,,,,,,REVIEW audit-to-pitch handoff: prose indicates draft work; confirm unresolved audit/identity holds first; DATA obsolete playbook stage references: audited,"Second-pass re-verified (2026-08-25): cpmhomeservicesllc.com LIVE (matching phone 864-784-1367); cpmhome.com = One.com parking page, NOT a live site | Tier B/C - pitch rebuild/SEO angle (live-but-weak site), NOT Tier A no-site build | gScore 16 predates live-site discovery - reconcile upward for website presence (Supervisor)"
scott-handiworks,Scott Handiworks,outreach,outreach,sent,,,sent_unverified,awaiting,2026-08-19,REVIEW follow-up eligibility: recorded send is old and awaiting; confirm delivery/no response and 3/10/21 schedule; do not resend automatically; DATA sent status without stored body: preserve history; not proof of no send; UNVERIFIED delivery: sendTruth=sent_unverified; DATA obsolete playbook stage references: audited,✅ Pitch sent 2026-08-19 via locallaunchupstate@gmail.com (scotthandiworks@gmail.com) | ⏳ Day 4 follow-up | ⏳ Day 8 follow-up | ⏳ Day 14: move to dormant or try different channel | ⚠️ Phone corrected 2026-08-19: (864) 634-9487 belongs to Holsclaw Handyman Service (different biz). Scott Handiworks = (864) 626-2908 (verified FB). | ✅ Auditor R6 approved — Tier A pitch | Closer: draft pitch — zero presence + multi-city angle | 📞 Phone-only — Zach to call
mmk-pressure-washing,MM&K Pressure Washing,outreach,approval,sent,pending,https://mmk-pressure-washing-demo.vercel.app,sent_unverified,awaiting,2026-08-31,FIXED outreach -> approval; DATA sent status without stored body: preserve history; not proof of no send; UNVERIFIED delivery: sendTruth=sent_unverified; REVIEW demo-only approval blocker; does not establish pitch approval/send eligibility; DATA obsolete playbook stage references: audited,"✅ Second-pass verified (2026-08-20) — no website, GBP not found | ✅ Auditor R6 approved — Tier A pitch | Closer: draft pitch — FB photos + no site angle | 📞 Phone or email available | ✅ Email synced from vault prior enrichment: Smpurgason@gmail.com"
sky-branch-llc,Sky Branch LLC,outreach,approval,sent,pending,https://sky-branch-llc-demo.vercel.app,sent_unverified,awaiting,2026-08-31,FIXED outreach -> approval; DATA sent status without stored body: preserve history; not proof of no send; UNVERIFIED delivery: sendTruth=sent_unverified; REVIEW demo-only approval blocker; does not establish pitch approval/send eligibility; DATA obsolete playbook stage references: audited,"✅ Second-pass verified (2026-08-20) — no website, GBP not found | ✅ Auditor R6 approved — Tier A pitch | Closer: draft pitch — FB groups + no site angle | 📞 Phone or email available | ✅ Email synced from vault prior enrichment: skybranchllc@gmail.com"
brian-dillard-concrete,Brian Dillard Concrete LLC,quality-check,quality-check,pending-supervisor-review,,,,,,"No status/stage contradiction detected; REVIEW pitch draft body missing: restore external draft before review, or return to Pitch if no draft exists",Pitch drafted 2026-08-10 (pitch-batch-2026-08-10-r7) — awaiting Zach/Supervisor approval
mishoes-handy-services,Mishoe's Handy Services and Closing Contractor,outreach,pitch,unproven-send,pending,,unproven,,2026-08-14,FIXED outreach -> pitch; TYPE pitchDraft.status absent from Company union in data.ts (runtime legacy value); DATA pending demo without canonical URL; placeholder is not proof of a built demo,"SEND-TRUTH 2026-09-01: unproven send — cleared contacted/sent (not matched in Sent). | Follow-up Day 4 (2026-08-18), Day 8 (2026-08-22), Day 14 call"
leos-pro-line-painting,Leo's Pro Line Painting LLC,outreach,outreach,sent,,,sent_unverified,awaiting,2026-08-23,REVIEW follow-up eligibility: recorded send is old and awaiting; confirm delivery/no response and 3/10/21 schedule; do not resend automatically; DATA sent status without stored body: preserve history; not proof of no send; UNVERIFIED delivery: sendTruth=sent_unverified,Pitch drafted 2026-08-10 — awaiting Zach/Supervisor approval (pitch-batch-2026-08-10)
taylor-jones-signature-tree,Taylor Jones Signature Tree Service,quality-check,quality-check,pending-review,,,,,,"No status/stage contradiction detected; REVIEW pitch draft body missing: restore external draft before review, or return to Pitch if no draft exists",Closer: draft Pitch A ($300 build) | Create GBP as part of offer
ab-tree-service,AB Tree Service,outreach,pitch,unproven-send,,,unproven,,2026-08-14,FIXED outreach -> pitch; TYPE pitchDraft.status absent from Company union in data.ts (runtime legacy value),"SEND-TRUTH 2026-09-01: unproven send — cleared contacted/sent (not matched in Sent). | Follow-up Day 4 (2026-08-18), Day 8 (2026-08-22), Day 14 call"
cleaning-angels,Cleaning Angels,outreach,outreach,sent,,,sent_unverified,awaiting,2026-08-24,REVIEW follow-up eligibility: recorded send is old and awaiting; confirm delivery/no response and 3/10/21 schedule; do not resend automatically; DATA sent status without stored body: preserve history; not proof of no send; UNVERIFIED delivery: sendTruth=sent_unverified,"Email likely valid (SMTP probe IP-blocked by provider, NOT a bounce) — re-verify before next send."
devil-dog-fencing,Devil Dog Fencing,quality-check,quality-check,pending-review,,,,,,"No status/stage contradiction detected; REVIEW pitch draft body missing: restore external draft before review, or return to Pitch if no draft exists",⚠️ Verify phone (864-354-4007 vs 864-243-1069) before outreach | Closer: draft Pitch A ($300 build)
lucas-maintenance-power-soft-wash-llc,Lucas Maintenance Power & Soft Wash LLC,quality-check,quality-check,pending-review,,,,,,"No status/stage contradiction detected; REVIEW pitch draft body missing: restore external draft before review, or return to Pitch if no draft exists",Closer: draft Pitch C/D (GEO/SEO) — NOT a $300 build | ✅ email Lucasmaintllc@gmail.com [candidate (JS)] src=lucasmaintenancellc.com/contact-us | ❌ 2026-08-23: has LIVE site https://lucasmaintenancellc.com — NOT a no-site lead.
perino-s-junk-removal,Perino's Junk Removal,quality-check,quality-check,pending-review,,,,,,"No status/stage contradiction detected; REVIEW pitch draft body missing: restore external draft before review, or return to Pitch if no draft exists",Closer: draft Pitch A ($300 build) | No out-of-state rules — business is Inman SC
sa-tree-service-more,SA Tree Service & More,quality-check,quality-check,pending-review,,,,,,"No status/stage contradiction detected; REVIEW pitch draft body missing: restore external draft before review, or return to Pitch if no draft exists",⚠️ Verify phone (864-205-2764 vs 864-595-6900) before outreach | Closer: draft Pitch A ($300 build)
taylor-s-tree-service,Taylor's Tree Service,quality-check,quality-check,pending-supervisor-review,,,,awaiting,,"No status/stage contradiction detected; REVIEW pitch draft body missing: restore external draft before review, or return to Pitch if no draft exists",Pitch drafted 2026-08-10 — awaiting Zach/Supervisor approval (pitch-batch-2026-08-10)
west-construction,West Construction,quality-check,quality-check,pending-review,,,,,,"No status/stage contradiction detected; REVIEW pitch draft body missing: restore external draft before review, or return to Pitch if no draft exists",Closer: draft Pitch A ($300 build) | Differentiate from West Builds collision
charlie-brown-decks,"Charlie Brown Decks, Etc.",quality-check,quality-check,pending-supervisor-review,,,,,,"No status/stage contradiction detected; REVIEW pitch draft body missing: restore external draft before review, or return to Pitch if no draft exists",Pitch drafted 2026-08-11 — awaiting Supervisor review + Zach sign-off before send
sdb-lawncare,SDB Lawncare Services and Gutter Cleaning,quality-check,quality-check,pending-review,,,,,,No status/stage contradiction detected,Pitch drafted 2026-08-11 — awaiting Supervisor review + Zach sign-off before send
solid-foundations-plus,Solid Foundations Plus LLC,quality-check,quality-check,pending-supervisor-review,,,,,,"No status/stage contradiction detected; REVIEW pitch draft body missing: restore external draft before review, or return to Pitch if no draft exists",Pitch drafted 2026-08-11 — awaiting Supervisor review + Zach sign-off before send
upstate-jack-of-trades,Upstate Jack of Trades LLC,outreach,outreach,sent,,,sent_unverified,awaiting,2026-08-19,REVIEW follow-up eligibility: recorded send is old and awaiting; confirm delivery/no response and 3/10/21 schedule; do not resend automatically; DATA sent status without stored body: preserve history; not proof of no send; UNVERIFIED delivery: sendTruth=sent_unverified,✅ Pitch sent 2026-08-19 via locallaunchupstate@gmail.com (handyman.jot@gmail.com) | ⏳ Day 4 follow-up | ⏳ Day 8 follow-up | ⏳ Day 14: move to dormant or try different channel | Pitch drafted 2026-08-11 — awaiting Supervisor review + Zach sign-off before send
the-creek-crew,The Creek Crew,quality-check,quality-check,pending-supervisor-review,,,,,,"No status/stage contradiction detected; REVIEW pitch draft body missing: restore external draft before review, or return to Pitch if no draft exists","Pitch drafted 2026-08-11 — awaiting Supervisor review + Zach sign-off before send | ❌ 2026-08-23: LIVE (Jobber) — NOT a no-site lead, remove from demo build queue. | ✅ email smfriedholm14@icloud.com [curl-verified] src=creekcrew.jobbersites.com"
upstate-tree-solutions,Upstate Tree Solutions,outreach,outreach,sent,,,sent_unverified,awaiting,2026-08-23,REVIEW follow-up eligibility: recorded send is old and awaiting; confirm delivery/no response and 3/10/21 schedule; do not resend automatically; DATA sent status without stored body: preserve history; not proof of no send; UNVERIFIED delivery: sendTruth=sent_unverified,"✅ Second-pass verified — GBP confirmed, 430 reviews, no hidden website | Route to Closer: Pitch A (site-build) — 430 reviews + no site = HOT lead"
chads-tree-service,"Chad's Tree Service, LLC",audit,audit,,,,,,,REVIEW audit-to-pitch handoff: prose indicates draft work; confirm unresolved audit/identity holds first,"✅ Second-pass verified — GBP confirmed, but ONLY 1 review (PASS 1 had 54 — WRONG) | Route to Closer: Pitch A (site-build) — GBP exists but review count was overstated"
steve-cantrell-tree,Steve Cantrell Tree Services,outreach,outreach,sent,,,sent_unverified,awaiting,2026-08-14,REVIEW follow-up eligibility: recorded send is old and awaiting; confirm delivery/no response and 3/10/21 schedule; do not resend automatically; DATA sent status without stored body: preserve history; not proof of no send; UNVERIFIED delivery: sendTruth=sent_unverified,"Follow-up Day 4 (2026-08-18), Day 8 (2026-08-22), Day 14 call"
haul-away-llc,Haul Away LLC,outreach,outreach,sent,pending,,sent_unverified,awaiting,2026-08-14,REVIEW follow-up eligibility: recorded send is old and awaiting; confirm delivery/no response and 3/10/21 schedule; do not resend automatically; DATA sent status without stored body: preserve history; not proof of no send; UNVERIFIED delivery: sendTruth=sent_unverified; DATA pending demo without canonical URL; placeholder is not proof of a built demo,"Follow-up Day 4 (2026-08-18), Day 8 (2026-08-22), Day 14 call"
morris-heating-air,Morris Heating & Air,audit,audit,,,,,,,REVIEW audit-to-pitch handoff: prose indicates draft work; confirm unresolved audit/identity holds first,"✅ Second-pass verified — GBP confirmed, 905 reviews (PASS 1 had 15 — MASSIVE UPGRADE) | ⚠️ morrisjenkins.com in SERP is a COMPETITOR (Morris-Jenkins), not their site | Route to Closer: Pitch A (site-build) — 905 reviews + no site = VERY HOT lead"
arbor-pro-inc,Arbor Pro Inc,audit,audit,,,,,,,REVIEW audit-to-pitch handoff: prose indicates draft work; confirm unresolved audit/identity holds first,"✅ Second-pass verified — GBP confirmed, 11 reviews (PASS 1: 10 — accurate) | No hidden website found | Route to Closer: Pitch A (site-build)"
milligan-junk-removal,Milligan Residential Junk Removal,audit,audit,,,,,,,REVIEW audit-to-pitch handoff: prose indicates draft work; confirm unresolved audit/identity holds first,"✅ Second-pass verified — GBP confirmed, 9 reviews (PASS 1: 9 — accurate) | No hidden website found | Route to Closer: Pitch A (site-build)"
smith-heating-air-spartanburg,Smith Heating And Air Conditioning,audit,audit,,,,,,,REVIEW audit-to-pitch handoff: prose indicates draft work; confirm unresolved audit/identity holds first,"✅ Second-pass verified — GBP confirmed (alt search), 8 reviews (PASS 1: 8 — accurate) | No hidden website found | Route to Closer: Pitch A (site-build)"
david-smith-tree,David Smith Tree Service,audit,audit,,,,,,,REVIEW audit-to-pitch handoff: prose indicates draft work; confirm unresolved audit/identity holds first,"✅ Second-pass verified — GBP confirmed, 33 reviews (PASS 1: 8 — UPGRADE) | ⚠️ dandatreesurgeons.com in SERP is competitor D&D Tree Surgeons, NOT David Smith | No own website found. Route to Closer: Pitch A (site-build)"
honea-tree-service,Honea Tree Service,audit,audit,,,,,,,REVIEW audit-to-pitch handoff: prose indicates draft work; confirm unresolved audit/identity holds first,"✅ Second-pass verified — GBP confirmed, 315 reviews (PASS 1 had 6 — MASSIVE UPGRADE) | No hidden website found | Route to Closer: Pitch A (site-build) — 315 reviews + no site = HOT lead"
green-vision-manchester,Green Vision,audit,audit,,,,,,,REVIEW audit-to-pitch handoff: prose indicates draft work; confirm unresolved audit/identity holds first,"✅ Second-pass verified — GBP confirmed, 1 review | No hidden website found. Low priority — minimal social proof. | Route to Closer: Pitch A (site-build) if pursuing out-of-state"
pats-concrete-cutting,"Pat's Concrete Cutting, LLC",audit,audit,,,,,,,No status/stage contradiction detected,"⚠️ Second-pass re-check (2026-09-05): LOW PRIORITY stands. Angi/HomeAdvisor show Pat's Concrete Cutting LLC Colchester VT (≈2 reviews, in business since ~2019). No owned website (name domains NXDOMAIN). No reliable GBP panel this pass. | Out-of-state VT. @Supervisor: pursue or drop. | ⚠️ gosom+Camoufox unavailable this run."
jm-concrete-vt,J & M Concrete Inc,audit,audit,,,,,,,REVIEW audit-to-pitch handoff: prose indicates draft work; confirm unresolved audit/identity holds first,"✅ Second-pass verified — GBP confirmed, 2 reviews | No hidden website. Out-of-state (VT). | Route to Closer: Pitch A (site-build) if pursuing"
vermont-custom-stone,Vermont Custom Stone,audit,audit,,,,,,,REVIEW audit-to-pitch handoff: prose indicates draft work; confirm unresolved audit/identity holds first,"✅ Second-pass verified — GBP confirmed, 12 reviews (PASS 1: 13 — close) | No hidden website. Out-of-state (VT). | Route to Closer: Pitch A (site-build) if pursuing"
antiguas-landscaping,Antigua's Landscaping,outreach,outreach,sent,,,sent_unverified,awaiting,2026-08-14,REVIEW follow-up eligibility: recorded send is old and awaiting; confirm delivery/no response and 3/10/21 schedule; do not resend automatically; DATA sent status without stored body: preserve history; not proof of no send; UNVERIFIED delivery: sendTruth=sent_unverified,"Follow-up Day 4 (2026-08-18), Day 8 (2026-08-22), Day 14 call"
ak-landscaping-ri,AK Landscaping,outreach,outreach,sent,,,sent_unverified,awaiting,2026-08-19,REVIEW follow-up eligibility: recorded send is old and awaiting; confirm delivery/no response and 3/10/21 schedule; do not resend automatically; DATA sent status without stored body: preserve history; not proof of no send; UNVERIFIED delivery: sendTruth=sent_unverified,✅ Pitch sent 2026-08-18 via locallaunchupstate@gmail.com (achacon588@icloud.com) | ⏳ Day 4 follow-up | ⏳ Day 8 follow-up | ⏳ Day 14: move to dormant or try different channel
pressure-washing-solutions-nh,Pressure Washing Solutions LLC,outreach,outreach,sent,,,sent_unverified,awaiting,2026-08-16,REVIEW follow-up eligibility: recorded send is old and awaiting; confirm delivery/no response and 3/10/21 schedule; do not resend automatically; DATA sent status without stored body: preserve history; not proof of no send; UNVERIFIED delivery: sendTruth=sent_unverified,⚠️ Camoufox 2-pass: GBP not found (13 reviews detected but no panel) | No hidden website. Out-of-state (NH). | @Supervisor: decide pursue or drop
trim-all-tree,Trim All Tree Service,quality-check,quality-check,pending-review,,,,,,No status/stage contradiction detected,"✅ Second-pass verified — GBP confirmed, 17 reviews. Hidden website FOUND: trimalltreeservices.com | ⚠️ Pitch angle CHANGED: now Tier B/C (has site — check quality before pitching) | Route to Closer: verify site quality → draft rebuild or SEO pitch"
spartan-paver-sealing,Spartan Paver Sealing,approval,approval,bounced,pending,https://spartan-paver-sealing-demo.vercel.app,bounced,bounce-risk,,TYPE pitchDraft.status absent from Company union in data.ts (runtime legacy value); REVIEW demo-only approval blocker; does not establish pitch approval/send eligibility,SEND-TRUTH 2026-09-01: hard bounce. Treat phone-only until new email verified. | Pitch drafted 2026-08-20 — awaiting Zach/Supervisor approval (pitch-batch-2026-08-20) | Email BOUNCED 2026-08-23 (NXDOMAIN) — PHONE-ONLY (864) 590-5864
carolina-clear-property,Carolina Clear Property Services,quality-check,quality-check,pending-review,,https://carolina-clear-demo.vercel.app,,,,DATA demo approval status absent; treated as pending by queue semantics,"✅ Second-pass verified — GBP confirmed, 2 reviews | No hidden website found in 2 Camoufox passes | Route to Closer: 3-service-lane angle (PW+window+junk)"
threlkeld-demolition,Threlkeld Demolition LLC,quality-check,quality-check,pending-review,,https://threlkeld-demo.vercel.app,,,,DATA demo approval status absent; treated as pending by queue semantics,"✅ Second-pass verified — GBP not found (7 reviews detected), hidden website FOUND: threlkelddemolitionllc.com | ⚠️ Has website but no GBP — unusual. Pitch: GBP creation + site rebuild/SEO | Route to Closer: verify site quality → draft site + GBP pitch"
molinas-tree-service,Molinas Tree Service,audit,audit,,,,,,,REVIEW audit-to-pitch handoff: prose indicates draft work; confirm unresolved audit/identity holds first,"✅ Second-pass verified — GBP not found, but 2 HIDDEN WEBSITES discovered: molinastreeservice.net + molinastreeservicelandscaping.com | ⚠️ Pitch angle CHANGED: now Tier B/C — has 2 domains, needs consolidation + rebuild | Route to Closer: verify both sites → draft consolidation/rebuild pitch"
lc-fence-builders,LC Fence Builders,quality-check,quality-check,pending-review,,,,,,No status/stage contradiction detected,⚠️ Camoufox 2-pass: GBP not found — may operate under different name or group-only | No hidden website found in 2 Camoufox passes | ✅ Second-pass verified — route to Closer for Tier A pitch (group-rec demand)
aright-construction,Aright Construction and Land Services LLC,quality-check,quality-check,pending-review,,,,,,No status/stage contradiction detected,"✅ Second-pass verified — GBP confirmed | Expired Squarespace confirmed (arightconstruction.com) | Route to Closer: 'your site is down' angle, owner Ashton Craig"
locked-loaded-junk,Locked & Loaded Junk Removal LLC,quality-check,quality-check,pending-review,,,,,,No status/stage contradiction detected,"⚠️ Camoufox 2-pass: GBP not found — may operate under FB-only or different name | PASS 2 verified: no hidden website, no GBP in 2 query variations | ✅ Second-pass verified — route to Closer for Tier A pitch"
around-the-grounds-tree,Around The Grounds Tree Service,quality-check,quality-check,pending-review,,,,,,No status/stage contradiction detected,⚠️ Camoufox 2-pass: GBP NOT FOUND in both passes | Pass 1 review count (13) unverified. May be FB-only or different name. | @Supervisor: try Nextdoor or FB search. Consider dropping if no digital footprint.
grass-monkey-lawn,Grass Monkey Lawn Care and More,quality-check,quality-check,pending-review,,,,,,No status/stage contradiction detected,"✅ Second-pass verified — GBP found, 2 HIDDEN WEBSITES: grassmonkeylandscapingllc.com + mygrassmonkey.com | ⚠️ NAME COLLISION: sites may belong to Grass Monkey Landscaping LLC (same area, different biz?) | @Supervisor: verify identity before pitching. If same biz → Tier B/C rebuild. If different → separate leads."
spartan-concrete-llc,Spartan Concrete LLC,outreach,outreach,sent,pending,,sent_unverified,awaiting,2026-08-14,REVIEW follow-up eligibility: recorded send is old and awaiting; confirm delivery/no response and 3/10/21 schedule; do not resend automatically; DATA sent status without stored body: preserve history; not proof of no send; UNVERIFIED delivery: sendTruth=sent_unverified; DATA pending demo without canonical URL; placeholder is not proof of a built demo,"Follow-up Day 4 (2026-08-18), Day 8 (2026-08-22), Day 14 call"
s-pugh-plumbing-llc,S Pugh Plumbing LLC,outreach,outreach,sent,pending,,sent_unverified,awaiting,2026-08-14,REVIEW follow-up eligibility: recorded send is old and awaiting; confirm delivery/no response and 3/10/21 schedule; do not resend automatically; DATA sent status without stored body: preserve history; not proof of no send; UNVERIFIED delivery: sendTruth=sent_unverified; DATA pending demo without canonical URL; placeholder is not proof of a built demo,"Follow-up Day 4 (2026-08-18), Day 8 (2026-08-22), Day 14 call"
kandw-cleaning-service,K&W Cleaning Service,quality-check,quality-check,pending-review,,,,,,"No status/stage contradiction detected; REVIEW pitch draft body missing: restore external draft before review, or return to Pitch if no draft exists",Closer: draft Tier A pitch (get-found angle) | Route pitch to Supervisor → Zach approval
upstate-handyman-and-landscaping,Upstate Handyman and Landscaping,outreach,pitch,unproven-send,,,unproven,,2026-08-14,FIXED outreach -> pitch; TYPE pitchDraft.status absent from Company union in data.ts (runtime legacy value),"SEND-TRUTH 2026-09-01: unproven send — cleared contacted/sent (not matched in Sent). | Follow-up Day 4 (2026-08-18), Day 8 (2026-08-22), Day 14 call"
teds-handyman-service,Ted's Handyman Service,quality-check,quality-check,pending-review,,,,,,"No status/stage contradiction detected; REVIEW pitch draft body missing: restore external draft before review, or return to Pitch if no draft exists",Closer: draft Tier A pitch (veterans/get-found angle) | Route pitch to Supervisor → Zach approval
zeroscapes-landscaping-llc,Zeroscapes Landscaping LLC,outreach,outreach,sent,,,sent_unverified,awaiting,2026-08-14,REVIEW follow-up eligibility: recorded send is old and awaiting; confirm delivery/no response and 3/10/21 schedule; do not resend automatically; DATA sent status without stored body: preserve history; not proof of no send; UNVERIFIED delivery: sendTruth=sent_unverified,"Follow-up Day 4 (2026-08-18), Day 8 (2026-08-22), Day 14 call"
uptown-renovations-llc,Uptown Renovations LLC,outreach,outreach,sent,pending,,sent_unverified,awaiting,2026-08-14,REVIEW follow-up eligibility: recorded send is old and awaiting; confirm delivery/no response and 3/10/21 schedule; do not resend automatically; DATA sent status without stored body: preserve history; not proof of no send; UNVERIFIED delivery: sendTruth=sent_unverified; DATA pending demo without canonical URL; placeholder is not proof of a built demo,"Follow-up Day 4 (2026-08-18), Day 8 (2026-08-22), Day 14 call"
woodies,Woodies Junk Removal LLC,quality-check,quality-check,pending-review,,,,,,"DATA obsolete playbook stage references: audited; REVIEW pitch draft body missing: restore external draft before review, or return to Pitch if no draft exists",Closer to draft pitch (Supervisor trigger)
gray-wolf,Gray Wolf Concrete & Construction,outreach,outreach,sent,,,sent_unverified,awaiting,2026-08-23,REVIEW follow-up eligibility: recorded send is old and awaiting; confirm delivery/no response and 3/10/21 schedule; do not resend automatically; DATA sent status without stored body: preserve history; not proof of no send; UNVERIFIED delivery: sendTruth=sent_unverified; DATA obsolete playbook stage references: audited,Pitch drafted 2026-08-11 — awaiting Zach/Supervisor approval (pitch-batch-2026-08-11)
rodriquez,Rodriquez Painting,quality-check,quality-check,pending-review,,,,,,"DATA obsolete playbook stage references: audited; REVIEW pitch draft body missing: restore external draft before review, or return to Pitch if no draft exists",Closer to draft pitch (Supervisor trigger)
bb-painting,B&B Painting,quality-check,quality-check,pending-review,,,,,,"DATA obsolete playbook stage references: audited; REVIEW pitch draft body missing: restore external draft before review, or return to Pitch if no draft exists",Closer to draft pitch (Supervisor trigger)
gd-junk-removal,GD Junk Removal,quality-check,quality-check,pending-supervisor-review,,,,,,No status/stage contradiction detected,"Audit needed — junk removal, no site, Greer/Greenville"
universal-junk-removal,Universal Junk Removal,outreach,outreach,sent,,,sent_unverified,awaiting,2026-08-26,REVIEW follow-up eligibility: recorded send is old and awaiting; confirm delivery/no response and 3/10/21 schedule; do not resend automatically; UNVERIFIED delivery: sendTruth=sent_unverified,✅ email Removalcrew3@gmail.com [candidate] src=facebook
turf-touch,Turf Touch,quality-check,quality-check,pending-supervisor-review,,,,,,No status/stage contradiction detected,"Audit needed — landscaping, no site, Greenville"
suarez-llc-renovations,Suarez LLC Renovations,audit,audit,,,,,,,No status/stage contradiction detected,⚠️ Second-pass re-check (2026-09-09): HOLD stands. gosom phone 0; Camoufox no phone-locked GBP. | suarezremodeling.com = FL collision confirmed previously. | Do NOT pitch until identity + operating line confirmed. | Camoufox available this run — still no lock.
superior-clean-pw,"Superior Clean Power Washing Services, LLC",outreach,outreach,sent,,,sent_unverified,awaiting,2026-08-14,REVIEW follow-up eligibility: recorded send is old and awaiting; confirm delivery/no response and 3/10/21 schedule; do not resend automatically; DATA sent status without stored body: preserve history; not proof of no send; UNVERIFIED delivery: sendTruth=sent_unverified,"Follow-up Day 4 (2026-08-18), Day 8 (2026-08-22), Day 14 call"
southwestern-irrigation,Southwestern Irrigation & Landscaping Inc.,outreach,outreach,sent,,,sent_unverified,awaiting,2026-08-19,REVIEW follow-up eligibility: recorded send is old and awaiting; confirm delivery/no response and 3/10/21 schedule; do not resend automatically; DATA sent status without stored body: preserve history; not proof of no send; UNVERIFIED delivery: sendTruth=sent_unverified,✅ Pitch sent 2026-08-18 via locallaunchupstate@gmail.com (tleavitt@southwesternupstate.com) | ⏳ Day 4 follow-up | ⏳ Day 8 follow-up | ⏳ Day 14: move to dormant or try different channel
holy-grounds-landscaping,Holy Grounds Landscaping,outreach,outreach,sent,,,sent_unverified,awaiting,2026-08-23,REVIEW follow-up eligibility: recorded send is old and awaiting; confirm delivery/no response and 3/10/21 schedule; do not resend automatically; DATA sent status without stored body: preserve history; not proof of no send; UNVERIFIED delivery: sendTruth=sent_unverified,"✅ Second-pass verified — GBP confirmed, 39 (PASS 1: 39 — accurate) | No hidden website | Route to Closer: Pitch A (site-build)"
pristine-cleaners-sc,Pristine Cleaners Services,audit,audit,,,,,,,REVIEW audit-to-pitch handoff: prose indicates draft work; confirm unresolved audit/identity holds first,"✅ Second-pass verified — GBP confirmed, 15 (PASS 1: 15 — accurate) | No hidden website (pristineclean.com = Cleveland power-washing collision, NOT theirs) | Route to Closer: Pitch A (site-build)"
harrison-landscape-mgmt,Harrison Landscape Management,audit,audit,,,,,,,REVIEW audit-to-pitch handoff: prose indicates draft work; confirm unresolved audit/identity holds first,"✅ Second-pass verified — Camoufox 2026-08-14 | GBP confirmed (8 reviews), no website | Route to Closer: Tier A site-build pitch"
seases-tree-services,Sease's Tree Services,outreach,outreach,sent,,,sent_unverified,awaiting,2026-08-23,REVIEW follow-up eligibility: recorded send is old and awaiting; confirm delivery/no response and 3/10/21 schedule; do not resend automatically; DATA sent status without stored body: preserve history; not proof of no send; UNVERIFIED delivery: sendTruth=sent_unverified,"✅ Second-pass verified — Camoufox 2026-08-14 | GBP confirmed (~10 reviews), no website | Route to Closer: Tier A"
browns-tree-surgeons,Brown's Tree Surgeons,audit,audit,,,,,,,REVIEW audit-to-pitch handoff: prose indicates draft work; confirm unresolved audit/identity holds first,"✅ Second-pass re-verified (2026-09-02) via gosom Maps: 9 reviews / 4.8★, GBP claimed, phone match, no website | G-Score 21 unchanged | Closer: draft Tier A site-build pitch for Zach approval (email-first; SC call ban)"
coopers-plumbing-aiken,Cooper's Plumbing Company Inc,outreach,outreach,sent,,,sent_unverified,awaiting,2026-08-23,REVIEW follow-up eligibility: recorded send is old and awaiting; confirm delivery/no response and 3/10/21 schedule; do not resend automatically; DATA sent status without stored body: preserve history; not proof of no send; UNVERIFIED delivery: sendTruth=sent_unverified,"✅ Second-pass verified — Camoufox 2026-08-14 | GBP confirmed (13 reviews), no website (h3plumbingsc.com = different co) | Route to Closer: Tier A, note 3.2★ weakness"
byars-plumbing-aiken,Byars Plumbing,audit,audit,,,,,,,REVIEW audit-to-pitch handoff: prose indicates draft work; confirm unresolved audit/identity holds first,"✅ Second-pass verified (2026-08-21) — GBP confirmed 8 reviews, no own website | Route to Closer: Pitch A (site-build) — 8 reviews + no site, in-market SC plumbing"
gold-star-hvacr,Gold Star Hvacr,audit,audit,,,,,,,REVIEW audit-to-pitch handoff: prose indicates draft work; confirm unresolved audit/identity holds first,"✅ Second-pass re-verified (2026-09-02) via gosom Maps phone-match: 46 reviews / 4.8★ at Daisy Dr; no website | ⚠️ Dual-GBP trap: Winnebago St LLC listing is a different NAP (608-315-5882, 0 reviews) — do not merge | Route to Closer: Pitch A out-of-state (no Simpsonville; email-first)"
madison-heating-cooling,Madison Heating & Cooling,audit,audit,,,,,,,No status/stage contradiction detected,✅ Second-pass verified (2026-09-07) via gosom Maps phone-match: 29 reviews / 4.0★ at 1406 Regent St; no website on GBP. | ⚠️ madisonheatingcooling.com = different NAP (608-960-7972) — not this lead. | OOS (WI) Tier A site-build if pursued; verify before pitch. | ⚠️ Camoufox unavailable (not installed).
diaz-landscaping-mi,Diaz Landscaping & Snowplow LLC,outreach,outreach,sent,,,sent_unverified,awaiting,2026-08-14,REVIEW follow-up eligibility: recorded send is old and awaiting; confirm delivery/no response and 3/10/21 schedule; do not resend automatically; DATA sent status without stored body: preserve history; not proof of no send; UNVERIFIED delivery: sendTruth=sent_unverified,"Follow-up Day 4 (2026-08-18), Day 8 (2026-08-22), Day 14 call"
buy-sell-landscape-mi,Buy Sell Landscape Supply LLC,outreach,outreach,sent,,,sent_unverified,awaiting,2026-08-23,REVIEW follow-up eligibility: recorded send is old and awaiting; confirm delivery/no response and 3/10/21 schedule; do not resend automatically; DATA sent status without stored body: preserve history; not proof of no send; UNVERIFIED delivery: sendTruth=sent_unverified,"✅ Second-pass verified — Camoufox 2026-08-14 | GBP confirmed (42 reviews), no website | Route to Closer: Tier A"
garcias-painting-in,Garcia's Painting Company,outreach,outreach,sent,,,sent_unverified,awaiting,2026-08-23,REVIEW follow-up eligibility: recorded send is old and awaiting; confirm delivery/no response and 3/10/21 schedule; do not resend automatically; DATA sent status without stored body: preserve history; not proof of no send; UNVERIFIED delivery: sendTruth=sent_unverified,"✅ Second-pass verified — Camoufox 2026-08-14 | GBP confirmed (~9 reviews), no website | Route to Closer: Tier A"
jasper-painting-in,Jasper Painting,audit,audit,,,,,,,REVIEW audit-to-pitch handoff: prose indicates draft work; confirm unresolved audit/identity holds first,"✅ Second-pass verified — Camoufox 2026-08-14 | GBP confirmed (8 reviews, needed alt query), no website | Route to Closer: Tier A"
elite-sweep-cleaning-oh,Elite Sweep Property Cleaning,outreach,outreach,sent,,,sent_unverified,awaiting,2026-08-23,REVIEW follow-up eligibility: recorded send is old and awaiting; confirm delivery/no response and 3/10/21 schedule; do not resend automatically; DATA sent status without stored body: preserve history; not proof of no send; UNVERIFIED delivery: sendTruth=sent_unverified,"✅ Second-pass verified — Camoufox 2026-08-14 | GBP confirmed (8 reviews), no website | Route to Closer: Tier A"
mc-cleaning-oh,MC Cleaning Solutions,audit,audit,,,,,bounce-risk,,REVIEW audit-to-pitch handoff: prose indicates draft work; confirm unresolved audit/identity holds first,"✅ Second-pass verified (2026-08-21) — GBP confirmed 8 reviews, no own website (thumbtack/ohiobiz = directories) | Route to Closer: Pitch A (site-build) — out-of-state (Fairborn OH)"
brittain-concrete-ia,Brittain & Son Concrete Construction,audit,audit,,,,,,,REVIEW audit-to-pitch handoff: prose indicates draft work; confirm unresolved audit/identity holds first,"✅ Second-pass verified — Camoufox 2026-08-14 | GBP confirmed (5 reviews), no website | Route to Closer: Tier A"
rich-mitchell-painting-oh,Rich Mitchell Painting & Pressure Washing,audit,audit,,,,,,,REVIEW audit-to-pitch handoff: prose indicates draft work; confirm unresolved audit/identity holds first,"✅ Second-pass verified — Camoufox 2026-08-14 | GBP confirmed (1 review), no website | Route to Closer: Tier A"
campbells-tree,Campbell's Tree Service,quality-check,quality-check,pending-supervisor-review,,,,bounce-risk,,No status/stage contradiction detected,
proklean-window,ProKlean Window and Gutter Cleaning,quality-check,quality-check,pending-supervisor-review,,,,,,No status/stage contradiction detected,
tomberlin-hauling,Tomberlin Hauling and Cleaning,quality-check,quality-check,pending-supervisor-review,,,,,,No status/stage contradiction detected,
clz-drywall,CLZ Drywall and Painting LLC,quality-check,quality-check,pending-supervisor-review,,,,,,No status/stage contradiction detected,
pipedex-plumbing,Pipedex Plumbing and Drains,outreach,outreach,sent,,,sent_unverified,awaiting,2026-08-14,REVIEW follow-up eligibility: recorded send is old and awaiting; confirm delivery/no response and 3/10/21 schedule; do not resend automatically; DATA sent status without stored body: preserve history; not proof of no send; UNVERIFIED delivery: sendTruth=sent_unverified,"Follow-up Day 4 (2026-08-18), Day 8 (2026-08-22), Day 14 call"
tuff-deck,Tuff Deck Builders (Greenville SC),audit,audit,,,,,,,HOLD audit is appropriate: identity verification explicitly required before drafting,⚠️ Second-pass re-check (2026-09-09): HOLD stands. gosom UP — phone 0; no Greenville Tuff Deck GBP place_id. | Camoufox 59-review hit DISCARDED (franchise/SERP bleed). | Verify operator identity before Closer drafts — likely directory spam / non-operating listing. | Camoufox available this run — still no phone lock.
wilks-junk,Wilk's Junk Service,approval,approval,unproven-send,pending,https://wilks-junk-demo.vercel.app,unproven,,2026-08-14,TYPE pitchDraft.status absent from Company union in data.ts (runtime legacy value); REVIEW demo-only approval blocker; does not establish pitch approval/send eligibility,"SEND-TRUTH 2026-09-01: unproven send — cleared contacted/sent (not matched in Sent). | Follow-up Day 4 (2026-08-18), Day 8 (2026-08-22), Day 14 call"
kr-junk,K & R Junk Removal,approval,approval,unproven-send,pending,https://kr-junk-demo.vercel.app,unproven,,2026-08-14,TYPE pitchDraft.status absent from Company union in data.ts (runtime legacy value); REVIEW demo-only approval blocker; does not establish pitch approval/send eligibility,"SEND-TRUTH 2026-09-01: unproven send — cleared contacted/sent (not matched in Sent). | Follow-up Day 4 (2026-08-18), Day 8 (2026-08-22), Day 14 call"
jd-tree,J & D Tree Care LLC,quality-check,quality-check,pending-supervisor-review,,,,,,No status/stage contradiction detected,
gotta-guy-home-services,Gotta Guy Home Services,outreach,outreach,sent,,,sent_unverified,awaiting,2026-08-24,REVIEW follow-up eligibility: recorded send is old and awaiting; confirm delivery/no response and 3/10/21 schedule; do not resend automatically; UNVERIFIED delivery: sendTruth=sent_unverified,"✅ Pitch sent 2026-08-19 (gottaguy5@gmail.com, demo live) | ⏳ Day 4 follow-up | ⏳ Day 8 follow-up | ⏳ Day 14: dormant or try different channel | ✅ Pitch DRAFTED Aug 13 — awaiting Zach/Supervisor approval (NOT sent) | ⚠️ First call: confirm primary address + service radius (Simpsonville vs Fountain Inn) | GBP duplicate consolidation = $90 audit/fix angle"
kbs-lawn-care,KB's Lawn Care LLC,quality-check,quality-check,pending-supervisor-review,,https://kbs-lawn-care-demo.vercel.app,,,,DATA demo approval status absent; treated as pending by queue semantics,"✅ Pitch DRAFTED Aug 13 — awaiting Zach/Supervisor approval (NOT sent) | Dial (864) 714-4987 confidently — ownership phone-verified; soft-confirm owner on first contact | Grow Google reviews 22->50+, migrate Birdeye trust"
anna-lee-weddings,Anna Lee — Wedding Planning,prospect,prospect,,,,,,,"REVIEW prospect-to-audit: research already exists; sign-off/identity still unresolved; REVIEW missing inbound reply draft: notes request Zach approval, but pitchDraft is null","✅ Second-pass verified (2026-08-19): no owned website found (only policies.google.com/gstatic.com = false positives); '73 reviews' = Anna Lee Media collision, not this planner. GBP not confirmed. Out-of-state inbound, low priority. | ⏳ Zach — approve reply draft, then send via himalaya -a locallaunch | On first contact: learn business name, service area, whether she has any site/social presence"
palmetto-pro-painters,Palmetto Pro Painters,quality-check,quality-check,pending-review,,,,,,No status/stage contradiction detected,"✅ Second-pass verified (2026-08-19): no real site — palmettopaintingpros.com is a BLUFFTON SC collision (different company); listed palmettopropainters.com still Wix-dead. GBP found (Anderson). Tier A build pitch holds. | ⏳ Scout — pending Supervisor review (batch r2, 08-13) | On first contact: verify exact intended site URL (YP link dead; confirm if they ever had live Wix site)"
l-and-p-lawncare,L And P Lawncare And Landscaping,outreach,outreach,sent,,,sent_unverified,awaiting,2026-08-27,REVIEW follow-up eligibility: recorded send is old and awaiting; confirm delivery/no response and 3/10/21 schedule; do not resend automatically; DATA sent status without stored body: preserve history; not proof of no send; UNVERIFIED delivery: sendTruth=sent_unverified,Pitch drafted 2026-08-20 — awaiting Zach/Supervisor approval (pitch-batch-2026-08-20)
bs-painting,B&S Painting,quality-check,quality-check,pending-review,,,,,,No status/stage contradiction detected,"✅ Second-pass verified (2026-08-19): no website (Yelp/Mapquest only). Yelp listing confirmed (~1-2 reviews, 3.0-star). Tier A holds. | ⏳ Scout — pending Supervisor review (batch r2, 08-13) | Confirm physical/service location on outreach (address discrepancy)"
schroder-services,Schroder Services,quality-check,quality-check,pending-review,,,,,,No status/stage contradiction detected,"✅ Second-pass verified (2026-08-19): no website (policies.google.com = false positive). GBP not found. Tier A holds. | ⏳ Scout — pending Supervisor review (batch r2, 08-13) | Generic name (Schroder) — verify ownership/identity via phone before outreach"
superhuman-junk,Superhuman Junk Removal & Hauling LLC,quality-check,quality-check,pending-review,,,,,,No status/stage contradiction detected,"✅ Supervisor APPROVED 2026-08-19 → Tier B (custom-domain + rebuild upsell from free Square subdomain; NOT $300 no-site build). Cleared for Closer draft. | ✅ Second-pass verified (2026-08-19): HIDDEN SITE FOUND — superhuman-junk-removal-hauling-llc.square.site (free Square subdomain, Anderson SC confirmed in body). Not a custom domain -> Tier B (rebuild/custom-domain upsell), NOT pure Tier A. | ❌ 2026-08-23: LIVE (Square) — NOT a no-site lead, remove from demo build queue. | ✅ email Superhumanjunkremoval@gmail.com [candidate] src=nextdoor"
m-and-i-junk,M&I Junk Removal & Hauling,quality-check,quality-check,pending-review,,,,,,No status/stage contradiction detected,"✅ Supervisor APPROVED 2026-08-19 → Tier B/C (SEO/rebuild — has live site + ~61 reviews; NOT $300 no-site build). Cleared for Closer draft. | ✅ Second-pass verified (2026-08-19): HIDDEN SITE FOUND — mijunkandersonsc.com (LIVE, title 'M&I Junk Removal & Hauling | Anderson, SC'). GBP confirmed ~61 reviews. junkremovalandersonsc.com = 404 dead. Tier B/C (has site -> pitch SEO/rebuild), NOT Tier A. | ❌ 2026-08-23: LIVE — NOT a no-site lead, remove from demo build queue. | ✅ email Londasirby@gmail.com [candidate] src=facebook"
yankee-tree,Yankee Tree Service,quality-check,quality-check,pending-review,,,,,,No status/stage contradiction detected,"✅ Second-pass verified (2026-08-19): no website (Yelp only). GBP found, ~1 review. Tier A holds (distinctive name, no site). | ⏳ Scout — pending Supervisor review (batch 08-14-r1)"
carolina-outdoor-care,Carolina Outdoor Care LLC,quality-check,quality-check,pending-review,,,,,,No status/stage contradiction detected,"✅ Second-pass verified (2026-08-19): no real site — carolinaoutdoorservice.com is 'Carolina Outdoor Services' Greenville tree-service COLLISION (different from Carolina Outdoor Care LLC, Easley). GBP 'found' flag is from that collision. Tier A holds. | ⏳ Scout — pending Supervisor review (batch 08-14-r1)"
home-shield-roofing,Home Shield Roofing,outreach,outreach,sent,,,sent_unverified,awaiting,2026-08-24,REVIEW follow-up eligibility: recorded send is old and awaiting; confirm delivery/no response and 3/10/21 schedule; do not resend automatically; DATA sent status without stored body: preserve history; not proof of no send; UNVERIFIED delivery: sendTruth=sent_unverified,"Follow-up Day 4 (2026-08-25), Day 8 (2026-08-29), Day 14 (2026-09-04)"
a-plus-concrete,A+ Concrete & Remodeling,quality-check,quality-check,pending-review,,https://aplus-concrete-demo.vercel.app,,,,DATA demo approval status absent; treated as pending by queue semantics,✅ Second-pass verified (2026-08-19): no sites found (Camoufox returned empty). GBP not confirmed this pass. apcrpro.com for-sale lander unchanged. Tier A/B holds. | ⏳ Scout — pending Supervisor review (batch 08-14-r2)
gulottas-window,Gulotta's Window Cleaning,outreach,outreach,sent,pending,,sent_unverified,awaiting,2026-08-31,REVIEW follow-up eligibility: recorded send is old and awaiting; confirm delivery/no response and 3/10/21 schedule; do not resend automatically; UNVERIFIED delivery: sendTruth=sent_unverified; DATA pending demo without canonical URL; placeholder is not proof of a built demo,"✅ Second-pass verified (2026-08-19): no sites found, GBP not confirmed this pass. Tier A holds (window cleaning, no site). | ⏳ Scout — pending Supervisor review (batch 08-14-r2) | ✅ Email synced from vault prior enrichment: jeffgulotta@att.net"
chieftain-concrete,Chieftain Concrete Construction,quality-check,quality-check,pending-review,,,,,,No status/stage contradiction detected,"✅ Second-pass verified (2026-08-19): no sites found, GBP not found — clean Tier A (distinctive name, zero footprint). $300 build target. | ⏳ Scout — pending Supervisor review (batch 08-14-r2)"
gambrell-roofing,Gambrell Roofing,quality-check,quality-check,pending-review,,,,,,No status/stage contradiction detected,"✅ Second-pass verified (2026-08-19): no website (Mapquest/BuildZoom/D&B directories only). GBP '1 review' snippet, panel not confirmed. Roofing = high-value Tier A. | ⏳ Scout — pending Supervisor review (batch 08-14-r2)"
montes-tree,Monte's Tree Service,quality-check,quality-check,pending-review,,https://montes-tree-demo.vercel.app,,,,DATA demo approval status absent; treated as pending by queue semantics,✅ Second-pass verified (2026-08-19): no owned website (all SERP tree sites are COMPETITORS: premier/mccoy/greenvilletreeco/dominguez). '430 reviews' INFLATED — competitor-panel confusion; Monte's actual review count unknown. Tier A holds. | ⏳ Scout — pending Supervisor review (batch 08-14-r3)
reed-concrete,Reed Concrete Construction Inc,quality-check,quality-check,pending-review,,,,,,No status/stage contradiction detected,"✅ Second-pass verified (2026-08-19): no sites found, GBP not found. Tier A holds (concrete, no site). | ⏳ Scout — pending Supervisor review (batch 08-14-r3)"
milford-mountain,Milford Mountain Landscape,outreach,outreach,sent,,,sent_unverified,awaiting,2026-08-24,REVIEW follow-up eligibility: recorded send is old and awaiting; confirm delivery/no response and 3/10/21 schedule; do not resend automatically; DATA sent status without stored body: preserve history; not proof of no send; UNVERIFIED delivery: sendTruth=sent_unverified,"Follow-up Day 4 (2026-08-25), Day 8 (2026-08-29), Day 14 (2026-09-04)"
kleen-sweep,Kleen Sweep Hauling,quality-check,quality-check,pending-review,,,,,,No status/stage contradiction detected,"✅ Supervisor APPROVED 2026-08-19 → Tier B (weak Wix rebuild/SEO, NOT $300 no-site build). Cleared for Closer draft. | ✅ Second-pass verified (2026-08-19): HIDDEN SITE FOUND — kleensweepjunkremoval.com (LIVE Wix, title 'Kleen Sweep Hauling/Junk Removal, LLC', Spartanburg confirmed). Scout 'NO WEBSITE' was WRONG. Tier B (weak Wix -> pitch rebuild/SEO), NOT Tier A. | ❌ 2026-08-23: LIVE (GoDaddy) — NOT a no-site lead, remove from demo build queue."
bossman-concrete,Bossman Concrete,quality-check,quality-check,pending-review,,,,,,No status/stage contradiction detected,✅ Second-pass verified (2026-08-19): no real site (Yelp/Mapquest only). GBP found ~1 review. bossmanconcrete.com still GoDaddy parked shell. Tier A/B holds. | ⏳ Scout — pending Supervisor review (batch 08-14-r3)
rob-perry-fence,Rob Perry Fence Contractors Inc,quality-check,quality-check,pending-review,,https://rob-perry-fence-demo.vercel.app,,,,DATA demo approval status absent; treated as pending by queue semantics,"✅ Second-pass verified (2026-08-19): no sites found, GBP not found. Tier A holds (fence, no site). | ⏳ Scout — pending Supervisor review (batch 08-14-r3)"
royal-pro-wash,Royal Pro Wash,quality-check,quality-check,pending-review,pending,,,,,DATA pending demo without canonical URL; placeholder is not proof of a built demo,"✅ Second-pass verified (2026-08-16): GBP confirmed Simpsonville SC, no live site (for-sale lander) — G-Score 25 | ⏳ Scout — pending Supervisor review (batch 08-14-r3)"
sbc-handyman,SBC Handyman Services,outreach,outreach,sent,,,sent_unverified,awaiting,2026-08-24,REVIEW follow-up eligibility: recorded send is old and awaiting; confirm delivery/no response and 3/10/21 schedule; do not resend automatically; DATA sent status without stored body: preserve history; not proof of no send; UNVERIFIED delivery: sendTruth=sent_unverified,"Follow-up Day 4 (2026-08-25), Day 8 (2026-08-29), Day 14 (2026-09-04)"
km-excavating,K&M Excavating And Hardscape LLC,quality-check,quality-check,pending-review,,https://km-excavating-demo.vercel.app,,,,DATA demo approval status absent; treated as pending by queue semantics,✅ Second-pass verified (2026-08-19): no website (Mapquest/Yahoo only). GBP '12 reviews' SERP snippet + Yelp listing detected but panel not confirmed. Tier A holds (no site). | ⏳ Scout — pending Supervisor review (batch 08-14-r3)
blu-rhino-junk,Blu Rhino Junk Removal,prospect,prospect,,,,,bounce-risk,,REVIEW prospect-to-audit: research already exists; sign-off/identity still unresolved,✅ Second-pass re-check (2026-09-09): domain still dead (HTTP 000); gosom phone-match GBP still 0; Camoufox GBP signal / 0 reviews. | Prior ~18-review GBP claim still unconfirmed — do not quote review count. | G-Score 14 unchanged. Social proves operating intent (864-501-2000 on IG). | Supervisor: dial-verify (864) 501-2000 before Closer drafts (Zach personal — SC call ban for agents). | Camoufox available this run.
kanebreak-backyards,Kanebreak Custom Backyards,outreach,outreach,sent,,,sent_unverified,awaiting,2026-08-24,REVIEW follow-up eligibility: recorded send is old and awaiting; confirm delivery/no response and 3/10/21 schedule; do not resend automatically; DATA sent status without stored body: preserve history; not proof of no send; UNVERIFIED delivery: sendTruth=sent_unverified,"Follow-up Day 4 (2026-08-25), Day 8 (2026-08-29), Day 14 (2026-09-04)"
wright-time-disposal,Wright Time Disposal Service,outreach,outreach,sent,,,sent_unverified,awaiting,2026-08-24,REVIEW follow-up eligibility: recorded send is old and awaiting; confirm delivery/no response and 3/10/21 schedule; do not resend automatically; DATA sent status without stored body: preserve history; not proof of no send; UNVERIFIED delivery: sendTruth=sent_unverified,"Follow-up Day 4 (2026-08-25), Day 8 (2026-08-29), Day 14 (2026-09-04)"
all-in-one-maintenance,All In One Maintenance,outreach,outreach,sent,,,sent_unverified,awaiting,2026-08-24,REVIEW follow-up eligibility: recorded send is old and awaiting; confirm delivery/no response and 3/10/21 schedule; do not resend automatically; DATA sent status without stored body: preserve history; not proof of no send; UNVERIFIED delivery: sendTruth=sent_unverified,"Follow-up Day 4 (2026-08-25), Day 8 (2026-08-29), Day 14 (2026-09-04)"
fresh-blades-lawn,Fresh Blades Lawn Care,outreach,outreach,sent,,,sent_unverified,awaiting,2026-08-24,REVIEW follow-up eligibility: recorded send is old and awaiting; confirm delivery/no response and 3/10/21 schedule; do not resend automatically; DATA sent status without stored body: preserve history; not proof of no send; UNVERIFIED delivery: sendTruth=sent_unverified,"Follow-up Day 4 (2026-08-25), Day 8 (2026-08-29), Day 14 (2026-09-04)"
dhg-tree-service,"DHG Tree Service, LLC",prospect,prospect,,,,,,,REVIEW prospect-to-audit: research already exists; sign-off/identity still unresolved,✅ Second-pass re-verified (2026-09-09) via gosom Maps phone-match: GBP 2 reviews / 5.0★; listed domain 404 — no usable website. | ⚠️ Camoufox review counts 329–435 DISCARDED (competitor bleed) — do not pitch inflated reviews. | G-Score 8→12. Tier A site-build (broken listed domain angle OK). | Supervisor: Yelp reputation flag still open before Closer draft.
fresh-start-pressure-washing,Fresh Start Pressure Washing,outreach,approval,sent,pending,https://fresh-start-pressure-washing-demo.vercel.app,sent_unverified,awaiting,2026-08-24,"FIXED outreach -> approval; DATA sent status without stored body: preserve history; not proof of no send; UNVERIFIED delivery: sendTruth=sent_unverified; REVIEW demo-only approval blocker; does not establish pitch approval/send eligibility; CRITICAL summary forbids Scott.freshstartclean@gmail.com (Canadian collision), but nextSteps claims it enriched; resolve identity before any send","✅ Second-pass verified (2026-08-19): no sites found, GBP not found. freshstartpressurewashing.com dead shell unchanged. Tier A (pressure washing). | Supervisor review | Consider deferring — student-run budget risk | Draft pitch only if pursued | ✅ Email synced from vault prior enrichment: Scott.freshstartclean@gmail.com"
skyline-renovation,Skyline Renovation,prospect,prospect,,,,,,,REVIEW prospect-to-audit: research already exists; sign-off/identity still unresolved,"✅ Second-pass re-verified (2026-09-09) via gosom Maps phone-match + Camoufox: GBP 16 reviews / 5.0★; no usable website (parked shell only). | G-Score 5→20. | Tier A site-build. Supervisor: verify phone + business name, then Closer draft email-first SC pitch. | Camoufox available this run (DISPLAY=:99)."
southern-unlimited-services,Southern Unlimited Services,outreach,approval,sent,,https://southern-unlimited-services-demo.vercel.app,sent_unverified,awaiting,2026-09-01,FIXED outreach -> approval; DATA sent status without stored body: preserve history; not proof of no send; UNVERIFIED delivery: sendTruth=sent_unverified; DATA demo approval status absent; treated as pending by queue semantics; REVIEW demo-only approval blocker; does not establish pitch approval/send eligibility,"✅ Second-pass verified (2026-08-18): GBP confirmed Easley SC, 95 reviews (Scout had 100). No hidden website (business.google.com only = Google's own). | No email on file — phone-only outreach unless social bio surfaces one | ✉️ Pitch drafted 2026-08-19 — awaiting Zach approval (pitch-batch-2026-08-19)"
jones-appliance-service,Jones Appliance Service,approval,approval,supervisor-approved,,,,,,No status/stage contradiction detected,✅ Second-pass verified (2026-08-18): no hidden website (jonesapplianceservice.com = dead/000). | ⚠️ GBP not surfaced by Camoufox (2 query variations — likely listed under a slightly different name); review count 116 is from Scout Apify Maps (trusted). | No email on file — phone-only outreach unless social bio surfaces one | ✉️ Pitch drafted 2026-08-19 — awaiting Zach approval (pitch-batch-2026-08-19)
atlas-appliance-repair,Atlas Appliance Repair,outreach,outreach,sent,,,sent_unverified,awaiting,2026-09-01,REVIEW follow-up eligibility: recorded send is old and awaiting; confirm delivery/no response and 3/10/21 schedule; do not resend automatically; DATA sent status without stored body: preserve history; not proof of no send; UNVERIFIED delivery: sendTruth=sent_unverified,✅ Second-pass verified (2026-08-18): GBP confirmed 44 reviews (alt query). No own site — atlasappliancerepair.com = TX collision (confirmed). | No email on file — phone-only outreach unless social bio surfaces one | ✉️ Pitch drafted 2026-08-19 — awaiting Zach approval (pitch-batch-2026-08-19)
accurate-leak-finders,Accurate Leak Finders Inc,approval,approval,supervisor-approved,,,,,,No status/stage contradiction detected,"✅ Second-pass verified (2026-08-18): GBP confirmed 17 reviews. No own site (accurateleakfinders.com = generic lead-gen collision). | ⚠️ Competitor found: Upstate Leak Finders (upstateleakfinders.com, 864-214-5560, full WordPress site) — DIFFERENT business, strong pitch ammo ('your competitor has a site, you don't'). | ✉️ Pitch drafted 2026-08-19 — awaiting Zach approval (pitch-batch-2026-08-19)"
automated-door-products,Automated Door Products,outreach,outreach,sent,,,sent_unverified,awaiting,2026-09-01,REVIEW follow-up eligibility: recorded send is old and awaiting; confirm delivery/no response and 3/10/21 schedule; do not resend automatically; DATA sent status without stored body: preserve history; not proof of no send; UNVERIFIED delivery: sendTruth=sent_unverified,"✅ Second-pass verified (2026-08-18): GBP confirmed 19 reviews. No own site (automateddoorproducts.com = dead/000). | SERP competitors (NOT theirs): bestoverheaddoorssc.com, overheaddoorgreenville.com — garage-door SERP is competitive. | ✉️ Pitch drafted 2026-08-19 — awaiting Zach approval (pitch-batch-2026-08-19)"
thomas-and-son-appliance,Thomas & Son Appliance Services,approval,approval,supervisor-approved,,,,,,No status/stage contradiction detected,✅ Second-pass verified (2026-08-18): GBP confirmed 18 reviews. No hidden website (thomasandsonappliance.com = dead/000). | ✉️ Pitch drafted 2026-08-19 — awaiting Zach approval (pitch-batch-2026-08-19)
tree-wisemen-upstate,Tree Wisemen Upstate,outreach,outreach,sent,,,sent_unverified,awaiting,2026-08-31,"REVIEW follow-up eligibility: recorded send is old and awaiting; confirm delivery/no response and 3/10/21 schedule; do not resend automatically; UNVERIFIED delivery: sendTruth=sent_unverified; REVIEW demo_url is an unsupported alias: verify demo identity/status, then normalize to demo.url/demoUrl and apply approval gate",✉️ Pitch drafted 2026-08-19 — awaiting Zach approval (pitch-batch-2026-08-19)
crane-pressure-washing,Crane Pressure Washing LLC,outreach,outreach,sent,,,sent_unverified,awaiting,2026-09-01,REVIEW follow-up eligibility: recorded send is old and awaiting; confirm delivery/no response and 3/10/21 schedule; do not resend automatically; DATA sent status without stored body: preserve history; not proof of no send; UNVERIFIED delivery: sendTruth=sent_unverified,✉️ Pitch drafted 2026-08-19 — awaiting Zach approval (pitch-batch-2026-08-19)
ultra-pro-pressure-washing,Ultra Pro Pressure Washing,outreach,outreach,sent,,,sent_unverified,awaiting,2026-09-01,REVIEW follow-up eligibility: recorded send is old and awaiting; confirm delivery/no response and 3/10/21 schedule; do not resend automatically; DATA sent status without stored body: preserve history; not proof of no send; UNVERIFIED delivery: sendTruth=sent_unverified,✉️ Pitch drafted 2026-08-19 — awaiting Zach approval (pitch-batch-2026-08-19)
load-and-go-junk,Load & Go Junk Co,outreach,outreach,sent,,,sent_unverified,awaiting,2026-09-01,REVIEW follow-up eligibility: recorded send is old and awaiting; confirm delivery/no response and 3/10/21 schedule; do not resend automatically; DATA sent status without stored body: preserve history; not proof of no send; UNVERIFIED delivery: sendTruth=sent_unverified,✉️ Pitch drafted 2026-08-19 — awaiting Zach approval (pitch-batch-2026-08-19)
downers-multi-service,Downers Multi Service,approval,approval,supervisor-approved,,,,,,No status/stage contradiction detected,✉️ Pitch drafted 2026-08-19 — awaiting Zach approval (pitch-batch-2026-08-19)
overhaul-properties,Overhaul Properties,approval,approval,supervisor-approved,,,,,,No status/stage contradiction detected,✉️ Pitch drafted 2026-08-19 — awaiting Zach approval (pitch-batch-2026-08-19)
platinum-landscapes,Platinum Landscapes,approval,approval,supervisor-approved,,,,,,No status/stage contradiction detected,✉️ Pitch drafted 2026-08-19 — awaiting Zach approval (pitch-batch-2026-08-19)
arrow-fence-flooring,Arrow Fence & Flooring LLC,outreach,outreach,sent,,,sent_unverified,awaiting,2026-09-01,REVIEW follow-up eligibility: recorded send is old and awaiting; confirm delivery/no response and 3/10/21 schedule; do not resend automatically; DATA sent status without stored body: preserve history; not proof of no send; UNVERIFIED delivery: sendTruth=sent_unverified,✉️ Pitch drafted 2026-08-19 — awaiting Zach approval (pitch-batch-2026-08-19)
brb-pressure-washing,BRB Pressure Washing Service,outreach,outreach,sent,,,sent_unverified,awaiting,2026-08-31,"REVIEW follow-up eligibility: recorded send is old and awaiting; confirm delivery/no response and 3/10/21 schedule; do not resend automatically; UNVERIFIED delivery: sendTruth=sent_unverified; REVIEW demo_url is an unsupported alias: verify demo identity/status, then normalize to demo.url/demoUrl and apply approval gate",✉️ Pitch drafted 2026-08-19 — awaiting Zach approval (pitch-batch-2026-08-19)
4-point-lawn-care-llc,4 Point Lawn Care LLC,quality-check,quality-check,pending-review,,,,,,No status/stage contradiction detected,Pitch drafted 2026-08-20 — awaiting Zach/Supervisor approval (pitch-batch-2026-08-20)
affordable-handyman-services,Affordable Handyman Services,quality-check,quality-check,pending-review,,,,,,No status/stage contradiction detected,Pitch drafted 2026-08-20 — awaiting Zach/Supervisor approval (pitch-batch-2026-08-20)
blue-sky-painting-llc,Blue Sky Painting LLC,quality-check,quality-check,pending-review,,,,,,No status/stage contradiction detected,Pitch drafted 2026-08-20 — awaiting Zach/Supervisor approval (pitch-batch-2026-08-20)
cheap-great-tree-services,Cheap & Great Tree Services,quality-check,quality-check,pending-review,,,,,,No status/stage contradiction detected,Pitch drafted 2026-08-20 — awaiting Zach/Supervisor approval (pitch-batch-2026-08-20)
dougies-cleaning-service-llc,Dougies Cleaning Service LLC,quality-check,quality-check,pending-review,,,,,,No status/stage contradiction detected,Pitch drafted 2026-08-20 — awaiting Zach/Supervisor approval (pitch-batch-2026-08-20)
flynn-maintenance-services,Flynn Maintenance Services,quality-check,quality-check,pending-review,,,,,,No status/stage contradiction detected,Pitch drafted 2026-08-20 — awaiting Zach/Supervisor approval (pitch-batch-2026-08-20)
house-cleaning-bc-llc,House Cleaning BC LLC,quality-check,quality-check,pending-review,,,,,,No status/stage contradiction detected,Pitch drafted 2026-08-20 — awaiting Zach/Supervisor approval (pitch-batch-2026-08-20)
joshua-truitt-handyman,Joshua Truitt Handyman,outreach,outreach,sent,,,sent_unverified,awaiting,2026-08-23,REVIEW follow-up eligibility: recorded send is old and awaiting; confirm delivery/no response and 3/10/21 schedule; do not resend automatically; DATA sent status without stored body: preserve history; not proof of no send; UNVERIFIED delivery: sendTruth=sent_unverified,Pitch drafted 2026-08-20 — awaiting Zach/Supervisor approval (pitch-batch-2026-08-20)
mikes-home-solutions,Mikes Home Solutions,quality-check,quality-check,pending-review,,,,,,No status/stage contradiction detected,Pitch drafted 2026-08-20 — awaiting Zach/Supervisor approval (pitch-batch-2026-08-20)
nesbitt-junk-removal,Nesbitt Junk Removal,quality-check,quality-check,pending-review,,,,,,No status/stage contradiction detected,Pitch drafted 2026-08-20 — awaiting Zach/Supervisor approval (pitch-batch-2026-08-20)
owens-heat-and-air-llc,Owens Heat and Air LLC,quality-check,quality-check,pending-review,,,,,,No status/stage contradiction detected,Pitch drafted 2026-08-20 — awaiting Zach/Supervisor approval (pitch-batch-2026-08-20)
quinn-services,Quinn Services,quality-check,quality-check,pending-review,,https://quinn-services-demo.vercel.app,,,,DATA demo approval status absent; treated as pending by queue semantics,Pitch drafted 2026-08-20 — awaiting Zach/Supervisor approval (pitch-batch-2026-08-20) | ✅ email quinn.kevin23@yahoo.com [candidate] src=facebook
renaissance-handyman-service,Renaissance Handyman Service,quality-check,quality-check,pending-review,,,,,,No status/stage contradiction detected,Pitch drafted 2026-08-20 — awaiting Zach/Supervisor approval (pitch-batch-2026-08-20)
robertsons-tree-service,Robertsons Tree Service,quality-check,quality-check,pending-review,,,,,,No status/stage contradiction detected,Pitch drafted 2026-08-20 — awaiting Zach/Supervisor approval (pitch-batch-2026-08-20)
see-clearly-window-cleaning,See Clearly Window Cleaning,quality-check,quality-check,pending-review,,,,,,No status/stage contradiction detected,Pitch drafted 2026-08-20 — awaiting Zach/Supervisor approval (pitch-batch-2026-08-20)
sommers-heating-and-air-llc,Sommers Heating and Air LLC,quality-check,quality-check,pending-review,,https://sommers-heating-air-demo.vercel.app,,,,DATA demo approval status absent; treated as pending by queue semantics,Pitch drafted 2026-08-20 — awaiting Zach/Supervisor approval (pitch-batch-2026-08-20)
stephen-stephen,Stephen & Stephen,quality-check,quality-check,pending-review,,,,,,No status/stage contradiction detected,Pitch drafted 2026-08-20 — awaiting Zach/Supervisor approval (pitch-batch-2026-08-20)
tb-contractors-llc,TB Contractors LLC,quality-check,quality-check,pending-review,,https://tb-contractors-demo.vercel.app,,,,DATA demo approval status absent; treated as pending by queue semantics,Pitch drafted 2026-08-20 — awaiting Zach/Supervisor approval (pitch-batch-2026-08-20)
whittier-fence-and-deck,Whittier Fence and Deck,quality-check,quality-check,pending-review,,https://whittier-fence-deck-demo.vercel.app,,,,DATA demo approval status absent; treated as pending by queue semantics,Pitch drafted 2026-08-20 — awaiting Zach/Supervisor approval (pitch-batch-2026-08-20)
aquablade-llc,AquaBlade LLC,quality-check,quality-check,pending-review,,,,,,No status/stage contradiction detected,Pitch drafted 2026-08-20 — awaiting Zach/Supervisor approval (pitch-batch-2026-08-20)
cedar-guy-tree-service,Cedar Guy Tree Service,outreach,outreach,sent,,,sent_unverified,awaiting,2026-08-26,REVIEW follow-up eligibility: recorded send is old and awaiting; confirm delivery/no response and 3/10/21 schedule; do not resend automatically; DATA sent status without stored body: preserve history; not proof of no send; UNVERIFIED delivery: sendTruth=sent_unverified,Pitch drafted 2026-08-20 — awaiting Zach/Supervisor approval (pitch-batch-2026-08-20)
ellason-tree-service,Ellason Tree Service,quality-check,quality-check,pending-review,,,,,,No status/stage contradiction detected,Pitch drafted 2026-08-20 — awaiting Zach/Supervisor approval (pitch-batch-2026-08-20)
hydro-wash,Hydro Wash,quality-check,quality-check,pending-review,,,,bounce-risk,,No status/stage contradiction detected,Pitch drafted 2026-08-20 — awaiting Zach/Supervisor approval (pitch-batch-2026-08-20)
knockit-junk-removal,KnockIt Junk Removal,quality-check,quality-check,pending-review,,https://knockit-junk-removal-demo.vercel.app,,,,DATA demo approval status absent; treated as pending by queue semantics,Pitch drafted 2026-08-20 — awaiting Zach/Supervisor approval (pitch-batch-2026-08-20) | ✅ email KnockItjunkremoval@gmail.com [candidate] src=nextdoor
bearden-forestry,Bearden Forestry,quality-check,quality-check,pending-review,,,,,,No status/stage contradiction detected,Pitch drafted 2026-08-20 — awaiting Zach/Supervisor approval (pitch-batch-2026-08-20)
chase-dump-removel,Chase Dump Removel,quality-check,quality-check,pending-review,,,,,,No status/stage contradiction detected,Pitch drafted 2026-08-20 — awaiting Zach/Supervisor approval (pitch-batch-2026-08-20)
clean-slate-pressure-washing,Clean Slate Pressure Washing,quality-check,quality-check,pending-review,,,,,,No status/stage contradiction detected,Pitch drafted 2026-08-20 — awaiting Zach/Supervisor approval (pitch-batch-2026-08-20)
farrs-exterior-cleaning-service,Farrs Exterior Cleaning Service,quality-check,quality-check,pending-review,,,,,,No status/stage contradiction detected,Pitch drafted 2026-08-20 — awaiting Zach/Supervisor approval (pitch-batch-2026-08-20)
girl-dad-handyman-services,Girl Dad Handyman Services,quality-check,quality-check,pending-review,,,,,,No status/stage contradiction detected,Pitch drafted 2026-08-20 — awaiting Zach/Supervisor approval (pitch-batch-2026-08-20)
jha-land-clearing-llc,JHA Land Clearing LLC,quality-check,quality-check,pending-review,,,,,,No status/stage contradiction detected,Pitch drafted 2026-08-20 — awaiting Zach/Supervisor approval (pitch-batch-2026-08-20)
kirk-johnson-handyman-contractor,Kirk Johnson Handyman Contractor,quality-check,quality-check,pending-review,pending,https://kirk-johnson-handyman-demo.vercel.app,,,,No status/stage contradiction detected,HOLD — FL phone (941) 626-6146 unverified
l-f-handymen,L & F Handymen,quality-check,quality-check,pending-review,,,,,,No status/stage contradiction detected,Pitch drafted 2026-08-20 — awaiting Zach/Supervisor approval (pitch-batch-2026-08-20)
marshall-cleaning,Marshall Cleaning,outreach,outreach,sent,,,sent_unverified,awaiting,2026-08-23,REVIEW follow-up eligibility: recorded send is old and awaiting; confirm delivery/no response and 3/10/21 schedule; do not resend automatically; DATA sent status without stored body: preserve history; not proof of no send; UNVERIFIED delivery: sendTruth=sent_unverified,Pitch drafted 2026-08-20 — awaiting Zach/Supervisor approval (pitch-batch-2026-08-20)
ortiz-tree-service,Ortiz Tree Service,quality-check,quality-check,pending-review,,,,,,No status/stage contradiction detected,Pitch drafted 2026-08-20 — awaiting Zach/Supervisor approval (pitch-batch-2026-08-20)
pablo-tree-services,Pablo Tree Services,quality-check,quality-check,pending-review,,,,,,No status/stage contradiction detected,Pitch drafted 2026-08-20 — awaiting Zach/Supervisor approval (pitch-batch-2026-08-20)
precision-concrete-mauldin,Precision Concrete Mauldin,quality-check,quality-check,pending-review,,,,,,No status/stage contradiction detected,Pitch drafted 2026-08-20 — awaiting Zach/Supervisor approval (pitch-batch-2026-08-20)
smiths-handy-solutions-llc,Smiths Handy Solutions LLC,quality-check,quality-check,pending-review,,,,,,No status/stage contradiction detected,Pitch drafted 2026-08-20 — awaiting Zach/Supervisor approval (pitch-batch-2026-08-20)
steadfast-roofing-and-construction-llc,Steadfast Roofing and Construction LLC,quality-check,quality-check,pending-review,,,,,,No status/stage contradiction detected,Pitch drafted 2026-08-20 — awaiting Zach/Supervisor approval (pitch-batch-2026-08-20) | ✅ email info@steadfastroofingco.com [curl-verified] src=steadfastroofingco.com/contact | ❌ 2026-08-23: has LIVE site https://steadfastroofingco.com — NOT a no-site lead.
studs-gutter-cleaning,Studs Gutter Cleaning,quality-check,quality-check,pending-review,,,,,,No status/stage contradiction detected,Pitch drafted 2026-08-20 — awaiting Zach/Supervisor approval (pitch-batch-2026-08-20)
swamp-rabbit-softwash,Swamp Rabbit Softwash,quality-check,quality-check,pending-review,,,,bounce-risk,,No status/stage contradiction detected,Pitch drafted 2026-08-20 — awaiting Zach/Supervisor approval (pitch-batch-2026-08-20)
west-fence-company,West Fence Company,quality-check,quality-check,pending-review,,,,,,No status/stage contradiction detected,Pitch drafted 2026-08-20 — awaiting Zach/Supervisor approval (pitch-batch-2026-08-20)
l-c-paint-and-pressure-washing-llc,L&C Paint and Pressure Washing LLC,quality-check,quality-check,pending-review,,,,,,No status/stage contradiction detected,Pitch drafted 2026-08-20 — awaiting Zach/Supervisor approval (pitch-batch-2026-08-20)
lees-decks-and-more,Lees Decks and More,quality-check,quality-check,pending-review,,https://lees-decks-demo.vercel.app,,,,DATA demo approval status absent; treated as pending by queue semantics,Pitch drafted 2026-08-20 — awaiting Zach/Supervisor approval (pitch-batch-2026-08-20)
maid-spotless,Maid Spotless,quality-check,quality-check,pending-review,,,,,,No status/stage contradiction detected,Pitch drafted 2026-08-20 — awaiting Zach/Supervisor approval (pitch-batch-2026-08-20)
omars-tree-service,Omars Tree Service,quality-check,quality-check,pending-review,,,,,,No status/stage contradiction detected,Pitch drafted 2026-08-20 — awaiting Zach/Supervisor approval (pitch-batch-2026-08-20)
pvp-home-services-llc,PVP Home Services LLC,outreach,outreach,sent,,,sent_unverified,awaiting,2026-08-27,REVIEW follow-up eligibility: recorded send is old and awaiting; confirm delivery/no response and 3/10/21 schedule; do not resend automatically; DATA sent status without stored body: preserve history; not proof of no send; UNVERIFIED delivery: sendTruth=sent_unverified,Pitch drafted 2026-08-20 — awaiting Zach/Supervisor approval (pitch-batch-2026-08-20)
parkers-pressure-washing-llc,Parkers Pressure Washing LLC,quality-check,quality-check,pending-review,,,,,,No status/stage contradiction detected,Pitch drafted 2026-08-20 — awaiting Zach/Supervisor approval (pitch-batch-2026-08-20)
r-r-lawn-llc,R&R Lawn LLC,quality-check,quality-check,pending-review,,,,,,No status/stage contradiction detected,Pitch drafted 2026-08-20 — awaiting Zach/Supervisor approval (pitch-batch-2026-08-20)
rig-line-tree-service,Rig Line Tree Service,outreach,outreach,sent,,,sent_unverified,awaiting,2026-08-23,REVIEW follow-up eligibility: recorded send is old and awaiting; confirm delivery/no response and 3/10/21 schedule; do not resend automatically; UNVERIFIED delivery: sendTruth=sent_unverified,Pitch drafted 2026-08-20 — awaiting Zach/Supervisor approval (pitch-batch-2026-08-20)
sasquatch-tree-services-llc,Sasquatch Tree Services LLC,quality-check,quality-check,pending-review,,,,,,No status/stage contradiction detected,"HAS SITE (sasquatchtreeservices.com + sasquatchtree.com live) — SKIP demo, pitch rebuild/SEO angle instead."
simpsonville-cleaning-authority,Simpsonville Cleaning Authority,outreach,outreach,sent,pending,,sent_unverified,awaiting,2026-08-27,REVIEW follow-up eligibility: recorded send is old and awaiting; confirm delivery/no response and 3/10/21 schedule; do not resend automatically; UNVERIFIED delivery: sendTruth=sent_unverified; DATA pending demo without canonical URL; placeholder is not proof of a built demo; CRITICAL sent status conflicts with HOLD on unconfirmed phone identity,HOLD — phone (864) 735-6183 vs 214-6235 unconfirmed
sterling-home-services-llc,Sterling Home Services LLC,quality-check,quality-check,pending-review,,,,,,No status/stage contradiction detected,Pitch drafted 2026-08-20 — awaiting Zach/Supervisor approval (pitch-batch-2026-08-20)
superior-fix,Superior Fix,quality-check,quality-check,pending-review,,,,,,No status/stage contradiction detected,Pitch drafted 2026-08-20 — awaiting Zach/Supervisor approval (pitch-batch-2026-08-20)
the-pack-landscaping-and-lawn-care,The Pack Landscaping and Lawn Care,quality-check,quality-check,pending-review,,,,,,No status/stage contradiction detected,Pitch drafted 2026-08-20 — awaiting Zach/Supervisor approval (pitch-batch-2026-08-20)
turners-touch-detailing-pressure-washing,Turners Touch Detailing & Pressure Washing,quality-check,quality-check,pending-review,,,,enriched,,No status/stage contradiction detected,Pitch drafted 2026-08-20 — awaiting Zach/Supervisor approval (pitch-batch-2026-08-20)
wilkins-lawn-services-llc,Wilkins Lawn Services LLC,quality-check,quality-check,pending-review,,,,,,No status/stage contradiction detected,Pitch drafted 2026-08-20 — awaiting Zach/Supervisor approval (pitch-batch-2026-08-20)
bishop-tinting,Bishop Tinting,audit,audit,,,,,,,No status/stage contradiction detected,✅ Second-pass verified (2026-09-06) via gosom Maps: GBP live 74 reviews / 4.9★ at 105 Ellison St Fountain Inn SC; phone (864) 238-9017; owner Brandon Bishop; website field empty. Name domains still NXDOMAIN. | ⚠️ Camoufox unavailable (not installed) — gosom used as GBP ground truth. | Tier A no-site build. Email missing — SC email-only. Demo path still needs Zach if not live-approved.
